,Unnamed: 0,state,fpo_name,legal_form,reg_no,reg_date,address,contact_details,major_crop_names,district
0,0.0,Andhra Pradesh,Sri Ramajaneya Agribusiness Centre,Cooperative Society,,,"Village : Yaraabalam, Tal : Darshi,  Dist-Prakasm, Andhra Pradesh.",M.No: 8179511302,"Tur, Cotton, Tobacco",PRAKASAM
1,1.0,Andhra Pradesh,Chinthala Cheruvu Neeti Viniyogadarula Sangham,Cooperative Society,,,"Village-Dippakayalapadu, Near Koyyalagudem, Tal : Polavaram, Dist : West Godavari, Andhra Pradesh.",M.No: 9346816303,"Tobacco, Paddy, Cotton",WEST GODAVARI
2,2.0,Andhra Pradesh,Thunngabhadra Cooperative,Cooperative Society,AMC/DCO/Kurn ool/2014/3207,,"Village : Kondapurm, Tal : Kodumur, Dist-Kurnool, Andhra Pradesh.",M.No: 9440227491 Email Id- karunakr@psa- india-orggmail.com,"Paddy, Groundnut, Carrot",KURNOOL
3,3.0,Andhra Pradesh,Sri Seeta Ramanjaneya Rythu Vuapara Kendaram,Cooperative Society,,,"Village : Nadimpali, Tal : Darsi, Dist : Prakasm, Andhra Pradesh.",M.No: 9603334849,"Tur, Paddy, Tobacco",PRAKASAM
4,4.0,Andhra Pradesh,Sri Srinivasa Agri Business Centre,Cooperative Society,,,"Village : Verapalli, Tal : Darsi, Dist : Prakasam, Andhra Pradesh.",M.No: 9704262106 Email Id- rajeswara.reddy09@gmai l.com,"Tur, Cotton, Chilly Dry",PRAKASAM
5,5.0,Andhra Pradesh,Radha - Prakruthi Farmers,Producer Company,U01403AP2015 PTC097491,07.10.2015,"H.No. 2/201,RadhaNagar, kamanur (V), Proddutur(M),Kadapa (Disrtict).",prakruthifarmers@g mail.com.,"Paddy, cotton, Groundnut.Bengalg",KADAPA
6,6.0,Assam,Adarsha Krishak Cooperative Society Ltd.,Cooperative Society,Regn No.:- N- 86/2014-15,11.Jul.14,"ANdaDrsRhAa PKRriAshDaEk SCHo.operative Society Ltd., 50/4 Upper Barbhag, Nalbari Dist, Nalbari, Assam",P99re4s9id2e9n5t5: 1N1irannjan Talukdar - 8822039420,"r1a. mA.utumn Paddy 2. SummerPaddy 3.Winter Paddy, 4. Potato 5. Cabbage 6. Cauliflower 7. Totato 8. Mustard 9. Bottle Gourd 10. Ridge Gourd 11. Ash Gourd.",NALBARI
7,7.0,Assam,Brahmaputra Krishak Cooperative Society Ltd.,Cooperative Society,Regn No.:- 82/2014-15,03.Jul.14,"Brahmaputra Krishak Cooperative Society Ltd., 62 No Loharkata Village, Barkhetri Block,Adabari, Dist Nalbari, Nalbari, Assam.",President : Ashraf Ali - 961339546,"1. Autumn 2. Summer & 3.Winter Paddy, 4. Potato 5. Cabbage 6. Cauliflower 7. Totato 8. Mustard 9. Bottle Gourd 10. Ridge Gourd 11. Ash Gourd.",NALBARI
8,8.0,Assam,Sonali Krishak Samobai Samitee,Cooperative Society,Regn No.N- 85/2014-15,05.Jul.14,"Sonali Krishak Samobai Samitee49/3 Upper Barbhag, Vill: Barbhag, Barkhetri, Dist: Nalbari, Assam",President: Gopal Das- 9854904241,"1. Autumn 2. Summer & 3.Winter Paddy, 4. Potato 5. Cabbage 6. Cauliflower 7. Totato 8. Mustard 9. Bottle Gourd 10. Ridge Gourd 11. Ash Gourd.",NALBARI
9,9.0,Assam,Sero Seuj Krishak Samobai Samitee,Cooperative Society,Regn No. N- 83/2014-15,05.Jul.14,"Sero Seuj Krishak Samobai Samitee, 61 No Ghoga Village, Ghoga, Dist: Nalbari, Assam",President: Paresh Haloi- 7896676854,"1. Autumn 2. Summer & 3.Winter Paddy, 4. Potato 5. Cabbage 6. Cauliflower 7. Totato 8. Mustard 9. Bottle Gourd 10. Ridge Gourd 11. Ash Gourd.",NALBARI
10,10.0,Assam,Mahabahu Krishak Samobai Samitee,Cooperative Society,Regn No.N- 84/2014-15,03.Jul.14,"Mahabahu Krishak Samobai Samitee,15 No. Dijhari Gram Panchayat, Village: Dijhari, Dist : Nalbari, Assam",Knogkhodhar Das- 9707784322,"1. Autumn 2. Summer & 3.Winter Paddy, 4. Potato 5. Cabbage 6. Cauliflower 7. Totato 8. Mustard 9. Bottle Gourd 10. Ridge Gourd 11. Ash Gourd.",NALBARI
11,11.0,Assam,Nabajyoti Utpadankari Krishak Coop Society Ltd.,Cooperative Society,Regn No.: G- 01/2014-15,03.Jul.14,"Nabajyoti Utpadankari Krishak Coop Society Ltd., Anchalpara Gram Panchayat, Anchalpara, Goroimari Block, Dist : Kamrup, Assam",President:Nazrul Islam - 9613806857,"1. Autumn 2. Summer & 3.Winter Paddy, 4. Rapesed 5. Pulses - Black Gram & Lentil 6. Potato 7.Cabbage 8 Cauliflower 9. Totato 10 Turmeric 11.Oranges",KAMRUP
12,12.0,Assam,Hatipara Rajoni Krishak Cooperative Society Ltd.,Cooperative Society,Regn No.:- G- 02/2014-15,03.Jul.14,"Hatipara Rajoni Krishak Cooperative Society Ltd., Hatipara Gram Panchayat, Dist : Kamrup, Block: Goroimari,Assam",President: Joynal Saikia - 9864644438,"1. Autumn 2. Summer & 3.Winter Paddy, 4. Rapesed 5. Pulses - Black Gram & Lentil 6. Potato 7.Cabbage 8 Cauliflower 9. Totato 10 Turmeric",KAMRUP
13,13.0,Assam,Sarbo Unnayan Samobai Samitee,Cooperative Society,Regn No.: -G- 05/2014-15,16.Jul.14,"Sarbo Unnayan Samobai Samitee , Vill: 68 No Boko, Block : Boko, Dist: Kamrup, Assam",DILIP KALITA- 9613235770,"1. Autumn 2. Summer & 3.Winter Paddy, 4. Chilli 5. Ginger 6. Ridge Gourd. 7. Joha Rice",KAMRUP
14,14.0,Assam,Pragoti Krishi Samobai Samitee,Cooperative Society,Regn No.: G- 04/2014-15,16.Jul.14,"Pragoti Krishi Samobai Samitee, Vill: 71 no Bikali, Block: Goroimari, Dist: Kamrup, Assam",MANOJ BORO- 9577652252,"1. Autumn 2. Summer & 3.Winter Paddy, 4. Rapesed 5. Pulses - Black Gram & Lentil 6. Potato 7.Cabbage 8 Cauliflower 9. Totato 10 Turmeric",KAMRUP
15,15.0,Assam,Green Valley Krishi Utpadak Samobai Samitee,Cooperative Society,Regn No.: G- 03/2014-15,16.Jul.14,"Green Valley Krishi Utpadak Samobai Samitee , Village Bongaon, Block: Bongaon, Sub Division:Boko, Dist: Kamrup, Assam",NILKANAL RABHA- 9859648784,"1. Autumn 2. Summer & 3.Winter Paddy, 4. Rapesed 5. Pulses - Black Gram & Lentil 6. Totato 7 Turmeric 8. Pineapple 9.Oranges",KAMRUP
16,16.0,Assam,Tubukijarani Panchagram Krishak Coop Society Ltd.,Cooperative Society,Regn No.:- 29/2014,25.Jun.14,"Tubukijarani Panchagram Krishak Coop Society Ltd., Gram Panchayat : Tupukijarani, Block : Tupukijaroni, Dist : Nagoan, Assam",President :Abhijit Sarkar - 9957183916,1. Autumn 2. Summer & 3.Winter Paddy 4. Potato 5.Brinjal 6. Cabbage & 7. Cauliflower,NAGOAN
17,17.0,Assam,Bhurbandha  Seuj Krishi Unnayan Samobai Samitee,Cooperative Society,Regn No.: KB31/2014,02.Jul.14,"Bhurbandha  Seuj Krishi Unnayan Samobai Samitee, Gram Panchayat - Bhurbandha, Block: Dhing, Dist: Nagoan, Assam",Amarnath Das- 9864327208,"1. Autumn 2. Summer & 3.Winter Paddy, 4  Brinjal ,5 Cabbage, 6.Cauliflower  and 7.Potato",NAGOAN
18,18.0,Assam,Bogamukh Krishi Unnayan Samobai Samitee,Cooperative Society,Regn No.:- KB 30/2014,30.Jul.14,"Bogamukh Krishi Unnayan Samobai Samitee, Ward No 7, Vill: Bogamukh, Block:Laokhowa,Dist: Nagoan, Assam",Indra Harijan- 9854283005,"1. Autumn 2. Summer & 3.Winter Paddy, 4. Brinjal 5. Cabbage, 6. Cauliflower and 7. Bitter Gourd",NAGOAN
19,19.0,Assam,Annapurna krishi Samobai Samitee,Cooperative Society,Regn No.:- KB- 32/2014,02.Jul.14,"Annapurna krishi Samobai Samitee,Ward No - 7, Vill: Bogamukh, Block:Laokhowa,Dist: Nagoan, Assam",Suresh Biswas - 9435156897,"1.Sali Paddy ,2. Boro 3.Paddy ,4. Cabbage , 5.Cauliflower ,6. Knolkhol  and 7.Potato",NAGOAN
20,20.0,Assam,Lakhonabandha Seuj Krishi Unnayan Samobai Samity Ltd.,Cooperative Society,Regn No.:- KB- 33/2014,19.Aug.14,"Lakhonabond Seuz Krishi Unnayan Samobai Samitee Ltd., Block : Pachim Kaliabor, Dist: Nagoan, Asssam",Suresh Biswas,"1. Autumn 2. Summer & 3.Winter Paddy, 4. Jute 5. Mustard,6. Cauliflower, 7. Cauliflower 8. Brinjal. 9.Potato",NAGOAN
21,21.0,Assam,Batadrava Seuj Matchya Utpadak Samobai Samity Ltd.,Cooperative Society,Regn No.:.- N- 120/2014,08.Jul.14,"Batadrava Seuj Matchya Utpadak Samobai Samity Ltd.,Vill: Borbheti, Soruhisa, Block: Batadraba, Dist: Nagoan, Assam",President: Seuj bora- 9854017235,1.Rahu. 2.Bahu  3.Grass Carp 4 Mirika 5. Kuhi 6.Dekera 7. Bhangon 8.Common Carp,NAGOAN
22,22.0,Assam,Dhaniabheti Milan Jyoti Matchya Utpadak Samobai Samity Ltd.,Cooperative Society,Regn No.:.- N- 122/2014,08.Jul.14,"Dhaniabheti Milan Jyoti Matchya Utpadak Samobai Samity Ltd.Vill: Kuwaikata Ward No. 9, GP: Dhaniabheti, Block: Batadraba, Dist : Nagoan, Assam",Md. Mainul hoque Choudhary-9854491994,1.Rahu. 2.Bahu  3.Grass Carp 4 Mirika 5. Kuhi 6.Dekera 7. Bhangon 8.Silver Carp,NAGOAN
23,23.0,Assam,Tuktuki Jilmil Matchya Utpadak Samobai Samity Ltd.,Cooperative Society,Regn No.:.-N- 119/2014,08.Jul.14,"Tuktuki Jilmil Matchya Utpadak Samobai Samity Ltd.,Vill: Tuktuki Ward No. 1, Block : Batadraba, Dist: Nagoan, Assam.",Sanjib Sarkar- 7896138344 (Village- TubukiJarani),1.Rahu. 2.Bahu  3.Grass Carp 4 Mirika 5. Kuhi 6.Dekera 7. Bhangon 8.Silver Carp,NAGOAN
24,24.0,Assam,Katahguri Rupjyoti Matchya Utpadak Samobai Samity Ltd.,Cooperative Society,Regn No.:.- 121/2014,08.Jul.14,"Katahguri Rupjyoti Matchya Utpadak Samobai Samity Ltd., GP: Kathaguri, Block: Batadraba,Dist Nagoan, Assam",President : Sultan Mamud 8811957741      Sofikul Islam-9957597617 Fakrul Hoque- 9085517205,1.Rahu. 2.Bahu  3.Grass Carp 4 Mirika 5. Kuhi 6.Dekera 7. Bhangon 8.Silver Carp,NAGOAN
25,25.0,Assam,Rawmari Bhai Bhai Matchya Utpadak Samobai Samity Ltd.,Cooperative Society,Regn No.:.- N- 118/2014,08.Jul.14,"Rawmari Bhai Bhai Matchya Utpadak Samobai Samity Ltd.,Vill: Rowmari Ward No. 6, Block: Kathaguri, Dist: Nagoan, Assam",President :Sultan Mamud- 8811957741   Sofikul Islam-9957597617 Fakrul Hoque- 9085517205,1.Rahu. 2.Bahu  3.Grass Carp 4 Mirika 5. Kuhi 6.Dekera 7. Bhangon 8.Silver Carp,NAGOAN
26,26.0,Assam,Sootea Machya Utpadak Cooperative Society Ltd.,Cooperative Society,Regd No : No not received,,"Sootea Machya Utpadak Cooperative Society Ltd.Village : Sootea 4 No., Madhya Nagshankar, Block:Sootea, Dist: Sonitpur, Assam",President :Pitambar Bhorali-9859330580 Saukot Ali- 9613004318,1.Rahu. 2.Bahu  3.Grass Carp 4 Mirika 5. Kuhi 6.Dekera 7. Bhangon 8.Silver Carp,SONITPUR
27,27.0,Assam,Naduar Mean Palon Cooperative Society Ltd.,Cooperative Society,Regn No.:. T- 56/2014-15,30.Mai.14,"Naduar Mean Palon Cooperative Society Ltd.Vill: Dakshin Silabandha, Block: Naduar, Dist: Sonitpur, Assam",President : Bijoy Chetri- 97066211791 Romani Baruah- 9854900654,1.Rahu. 2.Bahu  3.Grass Carp 4 Mirika 5. Kuhi 6.Dekera 7. Bhangon 8.Silver Carp,SONITPUR
28,28.0,Assam,Sangukta  Matcya Utppadon Samobai Samitee,Cooperative Society,Regn No.:. T- 57/2014-15,30.Jun.14,"Sangukta  matcya uppadon samobai Samitee,Village : 1 No. Pirakata, Block: Borchola, Dist: Sonitpur, Assam",Jewel Sarania- 9577284470,1.Rahu. 2.Bahu  3.Grass Carp 4 Mirika 5. Kuhi 6.Dekera 7. Bhangon 8.Silver Carp,SONITPUR
29,29.0,Assam,Milonjyoti Matchaya Utpadok Cooperative Society Ltd.,Cooperative Society,Regn No.:.- T- 55/2014-15,30.Mai.14,"Milon Jyoti Matchya Utpadak Samabay Samiti Ltd.Village : Siloni, Rongajan, Mansari, Napam Block: Balipara, Dist Sonitpur,Assam.","JAMSED ALI- 9854524351,NIRMAL BHENGA-9854174668",1.Rahu. 2.Bahu  3.Grass Carp 4 Mirika 5. Kuhi 6.Dekera 7. Bhangon 8.Silver Carp,MANSA
30,30.0,Assam,Adarsha Matchaya Utpadok Cooperative Society Ltd.,Cooperative Society,Regn No.:.- T- 222/2014-15,08.Aug.14,"Adarsha Matchaya Utpadok Cooperative Society Ltd.,Gram Panchayat : Kolabari, Block:Pub Choiduar, Dist Sonitpur,Assam",SIDANATH- 9401328793NBANSI BHYAN-9854551869,1.Rahu. 2.Bahu  3.Grass Carp 4 Mirika 5. Kuhi 6.Dekera 7. Bhangon 8.Silver Carp,SONITPUR
31,31.0,Gujarat,Mandava Vibhag Bagayat Sahakari Mandali Ltd.,Cooperative Society,63245,,"Mandava Vibhag Bagayat Sahakari Mandali Ltd.  Nasik Main Road, Village Panat, Tal :  Kaprada, Dist : Valsad, Gujarat",M.No; 9913286262,,VALSAD
32,32.0,Gujarat,Sahyog Krishi Vikas Private Ltd.,Cooperative Society,,,"Sahyog Krishi Vikas Private Limited, Near Shukan Oil Mill Rampura Road, Village Bela, Tal :  Talaja, Dist : Bhavnagar, Gujarat",M.No: 9428588762 Email Id- maheshhumbal@gmail.co m,"Cotton, Onion, Groundnut",BHAVNAGAR
33,33.0,Gujarat,Dixal Vibhag Bagayat Sahkari Mandali Ltd.,Cooperative Society,3247,,"Dixal Vibhag Bagayat  Sahkari Mandali Limited, Nashik Road, Chuasala Hattifaliya, Village Borpada, Tal : Kaprada, Dist : Valsad, Gujarat",M.No: 9925178856,"Cashew, Green Mango (Raw), Banana",VALSAD
34,34.0,Gujarat,Rukhmavati Rural Agro Producer  Company Ltd.,Producer Company,U01403GJ2012P TC068960,,"Rukhmavati Rural Agro Producer  Company Limited, Near Vrti, Village Dheraiyya, Tal : Mandvi, Dist : Kachchh, Gujarat.",M.No: 9924584158 Email Id- rratclmandavi@live.com,"Cotton, Groundnut, Wheat",KACHCHH
35,35.0,Gujarat,Dhamni Vibhag Bagayat Sahkari Mandali Ltd.,Cooperative Society,,,"Dhamni Vibhag Bagayat Sahkari Mandali Ltd. Dharampur-Bilpudi Road, Village Dhamani, Tal : Dharampur, Dist :  Valsad, Gujarat",M.No: 9726103659,"Cashew, Green Mango (Raw), Paddy",VALSAD
36,36.0,Gujarat,Vasundhara Vrix Vanwadi Jalsinchan Vikas Sahkari Mandali Ltd.,Cooperative Society,,,"Vasundhara Vrix Vanwadi Jalsinchan Vikas Sahkari Mandali Ltd. Village Ghodnal, Tal : Vansda, Dist : Navsari, Gujarat",M.No: 9712014494 Email Id- vrindavan_vans@rediffm ail.com,,NAVSARI
37,37.0,Gujarat,Sutarpada Vibhag Bagayat Sahkari Mandali Ltd.,Cooperative Society,3248,,"Sutarpada Vibhag Bagayat Sahkari Mandali Ltd. Nashik Main Road, Village Girnara, Tal :  Kaprada, Dist : Valsad, Gujarat",M.No: 9638594350,"Cashew, Green Mango (Raw), Tomato",VALSAD
38,38.0,Gujarat,Amalsad Vibhag Vividh Karyakari Sahakari Mandali Ltd.,Cooperative Society,8005,,"Amalsad Vibhag Vividh Karyakari Sahakari Mandali Ltd. Mainraod Railwayline Village Amalsar , Tal : Gandevi, Dist : Navsari, Gujarat.",M.No: 9428379901 Email Id- kssamalsad@gamil.com,"Sappotta, Green Mango (Raw), Paddy",NAVSARI
39,39.0,Gujarat,Karchond Vibhag Bagayat Sahkari Mandali Ltd.,Cooperative Society,3529,,"Karchond Vibhag Bagayat Sahkari Mandali Ltd, Nashik Road, Village At-Karchond Post- Dudhani, Tal : Kaprada, Dist : Valsad, Ggujarat",M.No: 9687812478 Email Id- dhruva_kpd@yahho.co.in,"Cashew, Green Mango (Raw), Paddy",VALSAD
40,40.0,Gujarat,Tutarkhed Vibhag Bagayat Sahkari Mandali Ltd.,Cooperative Society,SA3525,,"Tutarkhed Vibhag Bagayat Sahkari Mandali Ltd Village Bundiya, Tal : Dharampur, Dist : Valsad, Gujarat.",M.No: 8141791935,"Mango, Cashew, Paddy",VALSAD
41,41.0,Gujarat,Avirat Agro Producer Compny Private Ltd.,Producer Company,U1403GJ006PC C048635,,"Avirat Agro Producer Compny Private Limited. Front Kumbhar Sala School,Village Khamba, Challala Road, Tal-Khambha, Dist- Amreli, Gujarat",M.No: 9726823823 Email -Id: aviratagro@gmail.com,"Cotton, Groundnut, Cumin Seed",AMRELI
42,42.0,Gujarat,Mahagujarat Agri Cotton Producer Company Ltd.,Producer Company,,,"Mahagujarat Agri Cotton Producer Company Limited, 1012106 Hirak Bag Shopping Center, Bheed Banjan Ambreli, Tal & Dist :  Amreli, Gujarat",M.No: 9426457324 Email Id- Kisansahayak@gmail.co m,"Cotton, Groundnut, Castor Seed",AMRELI
43,43.0,Gujarat,Anjar Taluka Kissan Producer Company Ltd.,Producer Company,,,"Anjar Taluka Kissan Producer Company Limited,70 Paras Complex Vidi 4 Rasta, Anjar, Tal :  Anjar, Dist : Kachchh,Gujarat",M.No: 9825856353 Email Id- atkissanpcl@gmail.com,"Cotton, Castor Seed, Guar Seed","KACHCHH,GUJARAT"
44,44.0,Gujarat,Shree Khambhat Taluka Anusuchit Jati Sahakari Kheti Utpadak Sangh Ltd.,Producer Company,U01403GJ2008P TC055775,,"Shree Khambhat Taluka Anusuchit Jati Sahakari Kheti Utpadak Sangh Ltd. Khambat-Golana Road, Deheda, Tal : Khambat, Dist : Anand, Gujarat",M.No: 8980974477 Email Id- admin@emapcl.in,"Paddy, Wheat",ANAND
45,45.0,Haryana,Dhengal Agriculture Tauru Producer Company Limited,Producer Company,U01403HR2014 PTC053735,11-11-2014 00:00,"Vashika no,526","Hasham,",Mustard Wheat and Onion,
46,46.0,Tamil Nadu,Kovai farmers Producers Company Ltd,Producer Company,U01111TZ2013 PTC019763,16.08.2013,"146/60, Kamarajapuram, K.G.Chavadi,  Palakkad Road, Coimbatore 641105",Dr.K.Saravanan Ph.D 8754358986 anaimalaisvegetables@g mail.com,vegetables,COIMBATORE
47,47.0,Tamil Nadu,Ayakudi Guava and Fruit Producers Company Ltd,Producer Company,U01110TZ2014 PTC020136,03.01.2014,"7,sandaipet , Dindigul Road, Old Ayakudi, Dindigul Dist",Mr.Gnavel- 9245534887 ayaiguava@gmail.com,Guava,DINDIGUL
48,48.0,Tamil Nadu,Cumbam Valley Grapes Producers Company Ltd,Producer Company,U01120TN2010 PTC076198,12.10.1010,"House No 2 J - 1, Ward 31, L.F.Road, Gandhi Nagar, cumbum, Tamil Nadu",Mr.Sivaraman M.B.A 9944722317 grapegrowerscompany@ gmail.com,Grapes,PRAKASAM
49,49.0,Tamil Nadu,Aharam Traditional Crop Producer Company Limited,Producer Company,U01111TN2005 PTC057948,,"18 Kennet Cross Road,Ellis Nagar, Madurai City Pin 625 010Tamilnadu,India",Tel: +91 452 2607762 Fax: +91 452 2300 369 Email: Aharam.Co@Gmail.Com,,MADURAI
50,50.0,Tamil Nadu,Pudur Kalanjiam Hand Made Paper Producer Company Limited,Producer Company,U21093TN2004 PTC054106,,"26, Rajiv Gandhi I Street, Loorthu Nagar, Ii Street, K Pudur,Madurai Tamil Nadu 625007",,,MADURAI
51,51.0,Tamil Nadu,Vasimalaian Agri Farmers Producer Company Limited,Producer Company,U01403TN2011 PTC083285,,"5-248, Vasi Nagar, Thotappanayakkanoor, Usilampatti, Madurai Tamil Nadu 625532",,,MADURAI
52,52.0,Tamil Nadu,Bharat Multi Products Producer Company Limited,Producer Company,U01403TN2011 PTC082894,,"3/1, K K Road, (Kalvi Ulagam) Villupuram Tn 605 602",,,VILLUPURAM
53,53.0,Tamil Nadu,Chettinad Producer Company Limited,Producer Company,U93000TN2010 PTC074592,,"112. P.R.N.P Street, Pallathur - 630107 Karaikudi, Sivagangai Dist",91 - 4565-283050 Email: Tourism.Karai@Dhan.Or g,,SIVAGANGA
54,54.0,Tamil Nadu,Singampunari Coir Regeneration Kalanjiam Producer Company Limited,Producer Company,U74999TN2008 PTC070213,,"10-6-32/1 G H Road, Bharathi Nagar, Singampunari, Sivagangai Dist Tamil Nadu 630502",,,SIVAGANGA
55,55.0,Tamil Nadu,East Coast Producer Company Limited,Producer Company,U74999TN2008 PTC070213,,"No. 9/15, K.P.M Colony, Subbiah Pillai Street,Pattukottai, Thanjavur, Tamilnadu-614 601",,,THANJAVUR
56,56.0,Tamil Nadu,Ulavan Producer Company Limited,Producer Company,U01119TZ2012 PTC018496,,"204, Bhavani Main Road, Erode-Tamil Nadu 63800",,,ERODE
57,57.0,Tamil Nadu,"Turmeric India Producer Agriculture Company Limited,",Producer Company,U01404TZ2012 PTC018915,,"Ragupathy Naicken Palayamerode,638002 Tamilnadu,India",,,ERODE
58,58.0,Tamil Nadu,Sangamam Banana Producer Company Limited,Producer Company,U01110TN2014 PTC020390),,"1049, Sakthi Nagar,4Th Street,Kalingarayanpalayam, Bhavani Taluk,Erode-638301,Tamilnadu",,,ERODE
59,59.0,Tamil Nadu,Integrated Primery Producer Company Limited,Producer Company,U01400TN2012 PTC085592,,"New No.5, Old No.43, Navarathna Gardens, 2Nd Street, Ekkattuthangal, Chennai, Tamil Nadu",,,CHENNAI
60,60.0,Tamil Nadu,Noble Herbal Drugs Consortium Producer Company Limited,Producer Company,U01117TN2008 PTC068106,,"No.3, Puzhal, Kavangarai, Kannapasamy Nagar, Siddikiya Street, Chennai, Tamil Nadu 600066",,,CHENNAI
61,61.0,Tamil Nadu,Small And Marginal Agriculture (India) Producer Company Limited,Producer Company,U01100TN2011 PTC083514,,"First Floor, No.23, West Park Road, Shenoy Nagar,Chennai, Tamil Nadu-600030.",Ganesh.Dhanbds@Gmail .Com,,CHENNAI
62,62.0,Tamil Nadu,Just Change India Producer Company Limited,Producer Company,U51909TZ2006 PTC012462,,"Post Box.2, Thottamoola, Gudalur, The Nilgiris Dist Tn- 643 212",91-4262- 261562 +91-4262- 261504 Team@Justchangeindia. Com,,THE NILGIRIS
63,63.0,Tamil Nadu,Kalanjiam Bio-Energy Producer Company Limited,Producer Company,U01119TN2004 PTC054291,,"Muthukulathur Road, Kalanjia Nagar, Kottaimedu - Kamuthi , Ramanathapuram,Tamil Nadu 623604",,,HAPUR
64,64.0,Tamil Nadu,Ramanad Pesticide Free Chillies Producer Company Limited,Producer Company,U01119TN2004 PTC053894,,"D-F, Santhana Vilas Illam, Kamudhi Road, Mudukulathur, Ramnad Dist, Tamil Nadu- 623704",,,RAMNAD
65,65.0,Tamil Nadu,Kalanjiam Milk Producer Company Limited,Producer Company,U01403TN2009 PTC071221),,Plot No 100 102 Ayekuppam Village Address 2 : Kullanchavadi Post City : Cuddalore State : Tamil Nadu Pin : 607301,Email Id : Ktldairy@Rediffmail.Co m,,CUDDALORE
66,66.0,Tamil Nadu,Porto Nova Women Cashew Producer Company Limited,Producer Company,U01110TN2012 PTC084986,,"Vidiyal Nagar, Chinnoor Pudupettai Village, Parangipettai, Cuddalore,Tamil Nadu-608502",,,CUDDALORE
67,67.0,Tamil Nadu,Kanyakumari Cashew Cluster Producer Company Limited,Producer Company,U15316TN2012 PTC085422,,"9-3/1, Thettivilai, Near Devikumari Women College, Kuzhithurai ,Kannyakumari,Tn 629 163",Ca.K.Suresh@Gmail.Co m,,KANYAKUMARI
68,68.0,Tamil Nadu,Nanjil Agricultural Producer Company Limited,Producer Company,U01400TN2012 PTC084381,,"58A, Rajavoor, Theckoor, Marungoor,Kannyakumari,Tamil Nadu- 629 402.",Johnohilvi@Yahoo.Co.In,,KANYAKUMARI
69,69.0,Tamil Nadu,Kollimalai Mooligai Producer Company Limited,Producer Company,U51909TZ2006 PTC012503,,"Chinna Koilur, Vallappur Nadu, Kolli Hills, Namakkal District, Tamil Nadu",,,NAMAKKAL
70,70.0,Tamil Nadu,Kongu Weavers Producer Company Limited,Producer Company,U91110TZ2004 PTC011305,,"151 Arasankadu Anangurpanangattupalayam, Devanankurichi Post Tiruchengode Namakkal, Tn- 637 209",Kongulooms@Sanchar.N et,,NAMAKKAL
71,71.0,Tamil Nadu,Sri Arul Murugan Farm Producer Company Limited,Producer Company,U51101TZ2011 PTC016752,,"3/167-B Pachagoundan Valasu, Near Petrol Bunk Solasiramani, Paramathi Velur, Namakkaltamil Nadu- 637210",,,NAMAKKAL
72,72.0,Tamil Nadu,Manamedu Handloom Tex Consortium Producer Company Limited,Producer Company,U17214TN2010 PTC074504,,"10/7, Sriram Complex, Thuraiyur Bye-Pass Corner, Musiri,Thiruchirapalli, Tamil Nadu, 621211",,,TRICHY
73,73.0,Tamil Nadu,"Thathiengarpettai Precision Farm Producer Company Limited,",Producer Company,U01400TN2014 PTC094762,,"South Mudaliar Street, No.3, Ward No.4, Door No.58, Thathiengarpettai,Musiri Taluk-621214 Trichy, Tamil Nadu, India",,,TRICHY
74,74.0,Tamil Nadu,Nachalur Farmers Producer Company Limited,Producer Company,U01400TN2012 PTC086262,12th june 2012,"37/4 , Valluvar Nagar , Nachalur Post, Nangavaram Via, Kulithalai Taluk, Karur Tamil Nadu-639 110","nrmurugan2009@Gmail. Com Ph.NO- 4323 246678, 97512 22211 nfpclnch@gmail.com rinithaakarikalan@gmail. com","Paddy, Seasame, Shorghum, Pulses, Banana, Sugarcane, Topiaco",KARUR
75,75.0,Tamil Nadu,"Nadayanur Agricultural Producers Company Limted,",Producer Company,U01403TN2013 PTC092594,,"52A, Sottaiyur,Nadayanur,Karur-639117 Tamilnadu,India",,,KARUR
76,76.0,Tamil Nadu,Nagai Agricultural Producer Company Limited,Producer Company,U01404TN2010 PTC075763,,"No.5, Mettu Bungalow, New Beach Road, Kadambadi, Nagapattinam,Tamil Nadu-611 001",Info@Bedroc.In,,NAGAPATTINAM
77,77.0,Tamil Nadu,Nagai Milk Producer Company Limited,Producer Company,U01131TN2010 PTC075759,,"No.5, Mettu Bungalow, New Beach Road, Kadambadi, Nagapattinam ,Tamil Nadu-611 001",Info@Bedroc.In,,NAGAPATTINAM
78,78.0,Tamil Nadu,Poompuhar Cauvery Delta Farmers Producer Company Limited,Producer Company,U01110TN2010 PTC076513,,"584.A Manthakarai, Near Tncsc, Main Road, Poompuhar Village, Poompuhar Post, Nagapattinam,Tamil Nadu- 609105",,,NAGAPATTINAM
79,79.0,Tamil Nadu,United Small Sea Fisherman Producer Company Limited,Producer Company,U05000TN2011 PTC082318,,"No. 208, Nambiyar Nagar, Amman Koil Street, Nagapattinam, Tamil Nadu- 611001",,,NAGAPATTINAM
80,80.0,Tamil Nadu,Vedham Cashew Producer Company Limited,Producer Company,U01400TN2012 PTC086088,,"Pandarathan Kadu, Pushpavanam, Vedaranyam Taluk, Nagapattinam,Tamil Nadu-614809",,,NAGAPATTINAM
81,81.0,Tamil Nadu,Cauvery Farmers Producer Company Ltd,Producer Company,U01400TN2014 PTC094830,,"No.1A/1, Thiruvarur Road,Kilvelur,611104 Nagapattinam District,Tamilnadu",,,THIRUVARUR
82,82.0,Tamil Nadu,Akshya Cashew Producer Company Limited,Producer Company,U01403TN2012 PTC086124,,"No 300, Kasim Nagar, Putur, Sirkali Taluk ,Nagapattinam,Tamil Nadu 608 109",Ruwaputhur@Gmail.Co m,,NAGAPATTINAM
83,83.0,Tamil Nadu,Nannilam Agrarian Producer Company Limited,Producer Company,U01400TN2012 PTC084893,,"No.199, South Street, Koththavasal, Nannilam, Tiruvarur, Tamil Nadu-609 503",Sattanathan_Ca2011@G mail.Com,,THIRUVARUR
84,84.0,Tamil Nadu,Pachaimalai Herbal Producer Company Limited,Producer Company,U85190TN2007 PTC064760,,"Naduppathai,Kulathukadu, Arumbavoor Post,Veppanthattai Taluk, Perambalur, Tamil Nadu- 621103,",Ajohnmoris@Hotmail.Co m,,PERAMBALUR
85,85.0,Tamil Nadu,Pazhaverkadu Jeevajyothi Fisherwomen Livelihoods And Services Producer Company Limited,Producer Company,U05005TN2009 PTC072942,,"Jameelabad Road, Jameelabad Village, Pazhaverkadu Post, Thiruvallur,Tamil Nadu-601205.",Jantony_Raj@Hotmail.C om,,THIRUVALLUR
86,86.0,Tamil Nadu,Periyakulam Coir Cluster Kalanjiam Producer Company Limited,Producer Company,U01403TN2009 PTC070744,,"Coir Society Coir Complex, Sathankovil Pirivu Sengulathupatti, Periyakulam, Theni, Tamil Nadu- 625601",Pecockpcltd@Gmail.Co m,,THENI
87,87.0,Tamil Nadu,Reddiarchatram Sustainable Agriculture Producer Company Limited,Producer Company,U01403TZ2010 PTC016029,,"Renga Farm, Kannivadi Po, Dindigul, Tamil Nadu- 624705",Hanu_Viki@Yahoo.Co.,,DINDIGUL
88,88.0,Tamil Nadu,Oddanchatram Murungai Producer Company Limited,Producer Company,U01110TZ2014 PTC020178,,"No.10/74F,Naga Complex, Opp. Police Station, Idayakottai, Dindigul-624704Tamilnadu 20 Coimbator",,,DINDIGUL
89,89.0,Tamil Nadu,Tamilnadu Precision Farm Producer Company Limited,Producer Company,U01409TZ2010 PTC015897,,"Old No; 22, New No; 32, Om Ganesh Nagar, Vadavalli, Coimbatore, Tamil Nadu 641041",,,COIMBATORE
90,90.0,Tamil Nadu,Thiruvalluvar Farmers Producer Company Limited,Producer Company,U01403TZ2012 PTC018691,,"Door No.4/79 B1, Main Road, Thumbal Post, Attur Taluk, Salem, Tamil Nadu 636114",,,SALEM
91,91.0,Tamil Nadu,Dharmapuri District Minor Millet Farmer Producer Company Limited,Producer Company,U01111TZ2014 PTC020138,,"2/132, Gowrichetti Patti,Diliyanoor, Pennagaram Taluk,Dharmapuri-636813 Tamilnadu",,,DHARMAPURI
92,92.0,Tamil Nadu,Rajapalayam Precision Farmers Producer Company Limited,Producer Company,U01403TN2013 PTC091326,,"8B,Subburaja Madam Street, Rajapalayam - 626117 Tamilnadu,India",,,VIRUDHUNAGAR
93,93.0,Tamil Nadu,Assefa Livestock Producer Company Limited,Producer Company,U01400TN2013 PTC093390,,"64, Chettiyar Street, Kariapatti-626106 Virudhunagar Total 49",,,VIRUDHUNAGAR
94,94.0,Tamil Nadu,Cauvery Delta Agro Producer Company  Ltd,Producer Company,U01403TN2014 PRC097270,,"404, H.I.G. Type, New Housing Unit, Thanjavur-613 005",Mr. R. Pannir Selvam Managing Director 9443140199 Email. Id- cdapclfpo@gmail.com infor@cdapcl.com,,THANJAVUR
95,95.0,Tamil Nadu,Sharvani Farmers Producer Company Limited,Producer Company,U01111TZ2014 PTC020859,12.Nov.14,"Sharvani Farmers Producer Company Limited, Sivam Tex, 9/1D, Ganapathy Nagar,  Kakaveri (P.O), Rasipuram - 637408, Tamil Nadu, India",Mr. P.Saravanan Mobil No: 99943 89829 Email: sharvani.fpcl@gmail.com,,RASIPURAM
96,96.0,Tamil Nadu,Malarum Boomi Producer Company Ltd,Producer Company,U01100TN2016 PTC110550,24.Mai.16,"9/22, Karungallur Post, Mettur Taluk, Salem, Tamil Nadu- 636303",Mr. Thangavel (Director) M.No- 9443514937 Email: thangavelpas82@gmail.c om,,SALEM
97,97.0,Telangana,Maruthi Grower Associations,Cooperative Society,,,"House No:2-86. Village : Kamsanpally, Tal : Kodangal, Dist : Mahbubnagar, Telangana.",M.No: 9177916223,"Cotton, Tur, Paddy",MAHBUBNAGAR
98,98.0,Telangana,Chetna Organic Agriculture Producer Company Ltd.,Producer Company,,,"Village : Hyderabad, Tal :  Hyderabad, Dist : Hyderabad, Telangana.",M.No: 9959300330 Email Id- arunabi.chetna@gmail.co m,"Paddy, Maize, Cotton",HYDERABAD
99,99.0,Telangana,Dharmarajupalli Paddy Seed Growers' Cooperative (PSGC),Cooperative Society,AMC-KNR- DCO-2000-94,,"Village : Dharmarajupalli Tal : Huzurabad, Dist : Karimnagar, Telangana.",M.No:8106062055,"Paddy, Maize, Cotton",KARIMNAGAR
100,100.0,Telangana,Pitlam Intideepam MACS,Cooperative Society,AMC/NZB/DCO /17/2001,,"Village : Pitlam, Tal : Banswada, Dist :  Nizamabad, Telangana.",M.No: 8464086385 Email Id- pitlammacs@gmail.com,"Paddy, Cotton, Maize",NIZAMABAD
101,101.0,Telangana,Thanoor Intideepam MACS,Cooperative Society,,,"Village : Agraga Tal : Mudhole Dist : Adilabad , Telangana.",M.No: 8498823453,"Cotton, Soyabean, Tur",ADILABAD
102,102.0,Telangana,Dherpally Intideepam MACS,Cooperative Society,,,"Village : Lingapoor, Tal : Dharpalle, Dist:  Nizamabad, Telangana",M.No: 8500607500,,NIZAMABAD
103,103.0,Telangana,Bichukonda Intideepam MACS,Cooperative Society,,,"Village: Sirisandam, Tal : Bichukonda, Dist: Nizamabad, Telangana.",M.No: 8790553148,"Gram, Tur, Cotton",NIZAMABAD
104,104.0,Telangana,Duragamua Group MACS Utnoor,Cooperative Society,AUCYADB/BC O/16172007,,"Village : Kaiherdhatava, Tal : Utnur, Dist : Adilabad, Telangana.",M.No: 8985028306,"Cotton, Soyabean, Tur",ADILABAD
105,105.0,Telangana,Sri Chaitanya MACS,Cooperative Society,,,"Village : Repaka,Tal : Ellanthakunta, Dist : Karimnagar, Telangana.",M.No:9000336815 Email Id- hammaiah@gmail.com,"Cotton, Paddy, Tur",KARIMNAGAR
106,106.0,Telangana,Dichpally Intideepam MACS,Cooperative Society,,,"Village : Indavalaya Tal : Dichpally, Dist : Nizamabad, Telangana",M.No: 9000928400,"Paddy, Maize, Soyabean",NIZAMABAD
107,107.0,Telangana,Enabavi Producers Cooperarive,Producer Company,,,"Village : Enabavi, Tal : Jangaon, Dist : Warangal, Telangana.",M.No: 9704965759,"Paddy, Tur, Cotton",WARANGAL
108,108.0,Telangana,Sri Chaitanya Svum MACS,Cooperative Society,AMC/KNR/DC O/2007/2699,,"Village : Repaka, Near Sircilla Tal : Ellanthakunta, Dist : Karimnagar, Telangana.",M.No: 9177473335 Email Id- nhanamaiah@gmail.com,"Paddy, Maize, Cotton",KARIMNAGAR
109,109.0,Telangana,Husnabad Mandal Raithu Mitra Sanghala Parspara Sahayaka Sahakar Samastha ( Hmrmspsss),Cooperative Society,,,"Village : Husnabad, Tal : Husnabad, Dist : Karimnagar, Telangana.",M.No: 9347591099,"Paddy, Maize, Cotton",KARIMNAGAR
110,110.0,Telangana,Mulkanoor Cooperative Rural Bank & Marketing Society Ltd.,Cooperative Society,,,"Mcrb & Ms Ltd, Village : Mulkanoor, Tal : Bheemadevarpalle Dist: Karimnagar, Telangana.",M.No: 9440800650,,KARIMNAGAR
111,111.0,Telangana,Praja Mitra Raithu Mac Fed. Ltd.,Producer Company,,,"Village : Birasapet , Tal : Utnur Dist :  Adilabad, Telangana.",M.No: 9440842719 Email Id- pmrsh@gmail.com,"Cotton, Soyabean, Tur",ADILABAD
112,112.0,Telangana,Dhanalaxmi Dhanya Vithana Raithu Paraspara Sahakara Parimitha Sangam Gangipalli,Cooperative Society,AMC/KNR/DC O/99/83,,"Village : Gangipally Tal : Karimnagar, Dis : Karimnagar, Telangana.",M.No: 9441313778 Email Id- paripalliseenu@gmail.co m,"Paddy, Maize, Cotton",KARIMNAGAR
113,113.0,Telangana,Nizamabad Intideepam MACS,Cooperative Society,,,"Village : Mudakpalli, Tal : Nizamabad, Dist : Nizamabad, Telangana.",M.No: 9491739502,"Paddy,  Maize, Tur",NIZAMABAD
114,114.0,Telangana,Nagireddypet Intideepam MACS,Cooperative Society,,,"Village : Nagireddypet, Tal : Yellareddy Dist : Nizamabad, Telangana.",M.No: 9491747791,"Paddy, Maize, Groundnut",NIZAMABAD
115,115.0,Telangana,Madnoor Intideepam MACS,Cooperative Society,AMCNZBBCO/ 16/2001,,"Village : H - Kelluru Tal : Madnur, Dist : Nizamabad, Telangana.",M.No: 9505049613 Email Id- madnurmacs@gmail.com,"Tur, Cotton, Gram",NIZAMABAD
116,116.0,Telangana,Bhainsa Intideepam MACS,Cooperative Society,,,"Village : Kamola Tal : Mudhole, Dist : Adilabad, Telangana.",M.No: 9603637045,"Paddy, Chilly,  Dry Cotton",ADILABAD
117,117.0,Telangana,Nizamsagar Intideepam MACS,Cooperative Society,,,"Village : Borugala, Tal : Nizamsagar, Dist : Nizamabad, Telangana.",M.No: 9603848611,"Paddy, Groundnut, Cotton",NIZAMABAD
118,118.0,Telangana,Lokeshwaram Intideepam MACS,Cooperative Society,AMC/ADB/DC O/2000/16,,"Village : Pipari Tal : Mudhole Dist : Adilabad, Telangana.",9652018639 lokeshwarammacs@gmai l.com,"Soyabean, Paddy, Maize",ADILABAD
119,119.0,Telangana,Mudhole Intideepam MACS,Cooperative Society,AMC/ADP/BCO /2000/23,,"Village : Mudhole, Tal : Mudhole, Dist: Adilabad, Telangana.",M.No:9666751871 Email Id- mudholemacs@gmail.co m,"Cotton, Soyabean, Tur",ADILABAD
120,120.0,Telangana,Sahaja Aharam Consumers Cooperative,Cooperative Society,,,"Village : Hyderabad, Tal :  Hyderabad, Dist : Hyderabad,  Telangana.",M.No: 9700704326 Email Id- srinivasulu@csa- india.org,"Paddy, Tur, Turmeric",HYDERABAD
121,121.0,Telangana,Swayam Krushi Organic Cooperative,Cooperative Society,,,"Village : Hyderabad, Tal :  Hyderabad, Dist : Hyderabad,  Telangana.",M.No: 9700704326 Email Id- srinivasulu@csa- india.org,"Paddy, Tur, Jowar",HYDERABAD
122,122.0,Telangana,Adarsh Gramaikya Sangham,Cooperative Society,,,"House No:5-40. Village : Damaragidda, Tal : Narayanpet, Dist : Mahbubnagar, Telangana.",M.No: 7382499269,"Paddy, Tur, Cotton",MAHBUBNAGAR
123,123.0,Telangana,Sree Rama Dhanya Vithana Rythu Paraspara Sahakara Parimitha Sangam,Cooperative Society,,,"Village : Narsampet, Tal : Narsampet, Dist : Warangal, Telangana.",M.No: 9866074944 Email Id- rsambareddy@yahoo.co.i n,"Paddy,  Cotton, Maize",WARANGAL
124,124.0,Telangana,Vegetable And Fruit Grows,Cooperative Society,,,"Village : Nallabelly, Tal : Nallabelly, Dist : Warangal, Telangana.",M.No: 9866976180,"Paddy, Chilly Dry, Cotton",WARANGAL
125,125.0,Telangana,Uday Agriculture Producer Company,Producer Company,,,"Village : Buragapalli, Tal : Gajwel, Dist : Medak, Telangana.",M.No: 9908539099,"Cotton, Maize, Paddy",MEDAK
126,126.0,Telangana,Yellareddy Intideepam MACS,Cooperative Society,,,"Village : Yellareddy, Tal : Yellareddy, Dist : Nizamabad, Telangana.",M.No: 9912348096,"Paddy , Groundnut, Maize",NIZAMABAD
127,127.0,Telangana,Siddeshwara Fpg,Cooperative Society,,,"Village :Pocharlapet, Tal : Jangaon , Dist : Warangal, Telangana.",M.No:9912588924,"Paddy, Maize, Cotton",WARANGAL
128,128.0,Telangana,Jukkal Intideepam MACS,Cooperative Society,,,"Village : Jukkal, Tal : Madnur Dist : Nizamabad, Telangana.",M.No: 9959370217,"Gram, Soya Bean, Tur",NIZAMABAD
129,129.0,Telangana,Makloor Intideepam MACS,Cooperative Society,,,"Village : Mamadipalli, Tal : Makloor, Dist : Nizamabad, Telangana.",M.No:9963514565,"Paddy, Maize, Turmeric",NIZAMABAD
130,130.0,Telangana,Armoor Intideepam MACS,Cooperative Society,,,"Village : Aakapoor,  Tal : Armoor, Dist : Nizamabad, Telangana.",M.No:9989507067,"Turmeric,  Jowar, Soyabean",NIZAMABAD
131,131.0,Uttar Pradesh,Ahorawa Bhawani Producer Company Ltd.,Producer company,,,"At/Po : Thakarpoor, Tal & Dist : Rae Bareli, Uttar Pradesh.",M.No: 9793999815,"Wheat, Paddy",RAE BARELI
132,132.0,Uttar Pradesh,Alipur Ahana Producer Company Limited,Producer company,U01407UP2014 PTC062937,25-02-2014 00:00,"House No.22, Balnapur,Kannauj - 209732,Uttar Pradesh, India",Shahid Khan Mob-8576874013,"paddy,wheat",KANNAUJ
133,133.0,Uttar Pradesh,Amj Indian Agri Farmers Producer Company Limited,Producer company,U01407UP2014 PTC063177,07-03-2014 00:00,"House No. 152, Lakharauna Arsani,Mohammadabad Farrukhabad - 209651,Uttar Pradesh, India",Shiv Jeet Singh Mob-8756442440,"wheat, paddy, maize, potato",FARRUKHABAD
134,134.0,Uttar Pradesh,Ankur Kisan Producer Company Ltd.,Producer company,,,"At Haunmath Khed, Tal : Jaswantnagar, Dist : Etawah, Uttar Pradesh.",M.No: 8791411551,,ETAWAH
135,135.0,Uttar Pradesh,Annapurna Kisan Utpadak Company Ltd.,Producer company,U01403UP2013 PTC059285,02-09-2013 00:00,"C-129/1 Friends Colony, Etawah - 206001,Uttar Pradesh, India",Kaushal Kishor Pathak Mob-9450863298,"Paddy, Garlic, Potato, Wheat",ETAWAH
136,136.0,Uttar Pradesh,Auras Producer Company,Producer company,U01403UP2013 PTC059323,02-09-2013 00:00,"Village Tala Sarai Post Sahpur Tonda, District Unnao,Unnao - 209801,Uttar Pradesh, India",English Ahmad Mob-9621825501,"paddy, wheat",UNNAO
137,137.0,Uttar Pradesh,Ausher Kishan Producer Company Limited,Producer company,U01407UP2014 PTC062943,25-02-2014 00:00,"298, Ausher,Kannauj - 209736,Uttar Pradesh, India",Mahendra Pratap Mob-9695893579,"paddy,wheat, vegetable, maize",KANNAUJ
138,138.0,Uttar Pradesh,Awadh Kissan Producer Company Limited,Producer company,U01407UP2014 PTC062929,25-02-2014 00:00,"Ward No 5, Sodhaipur Dehat Post Pratapgarh,Pratapghar - 230135,Uttar Pradesh, India",,,PRATAPGARH
139,139.0,Uttar Pradesh,Azamgarh Agro Producer Company Ltd,Producer company,U01403UP2013 PTC058754,31-07-2013 00:00,"47, Basgit, Azamgarh Sadar,Azamgarh - 276001,Uttar Pradesh, India",Parmod Kumar Yadav Mob-7379712831,"Paddy, Wheat, Mustard",AZAMGARH
140,140.0,Uttar Pradesh,B P S Krishi Producer Company Limited,Producer company,U01400UP2014 PTC063492,20-03-2014 00:00,"Bholepur, Nalkup Colony,Farrukhabad - 209601",Bhupandra Singh Mob-9919814325,"Paddy, Garlic, Poatato, Wheat, maize",FARRUKHABAD
141,141.0,Uttar Pradesh,Baba Amaani Farmer Producer Company Ltd,Producer company,U01407UP2013 PTC061405,20-12-2013 00:00,"72, Anshik Gursaina, Aligarh-202124, Uttar Pradesh, India",Pooran Singh Chaudhary Mob-9758546304,"Paddy, Wheat, Mustard",ALIGARH
142,142.0,Uttar Pradesh,Bachhrawan Krisak Sumriddhi Producer Company Limited,Producer company,U01407UP2014 PTC063334,12-03-2014 00:00,"161 Tilenda, Bacharawan,Rae Bareli - 229306",Nitesh kumar Mob-8005181557,"Scented rice , rice, Mentha, Wheat",RAE BARELI
143,143.0,Uttar Pradesh,Baraur Farmer Producer Company Ltd.,Producer Company,U70102UP2013 PTC5008033,31-01-2013 00:00,"Near Barour Market, Bhognipur, Tal : Barourm, Dist : Kanpur Dehat, Uttar Pradesh.",Shri. Raj Kumar Shashank President Ph.No-8009014482,,KANPUR DEHAT
144,144.0,Uttar Pradesh,Bhasneh Farmer Producer Company Ltd.,Producer Company,U70102UP2013 PTC5008413,31-01-2013 00:00,"Near Tahrauli Post Office, Tal : Tahrauli, Dist : Jhansi, Uttar Pradesh.",Shri. Hemant Kumar Tiwari President Ph No.-9651424049,,JHANSI
145,145.0,Uttar Pradesh,Bindki Agro Kissan Producer Company Limited,Producer Company,U01400UP2014 PTC062742,14-02-2014 00:00,"965 Kamarapur Majre, Madaranva,Bindki - 212631,Uttar Pradesh, India",Ramchandra Mob-8853005950,"paddy, wheat, Sugarcane",FATEHPUR
146,146.0,Uttar Pradesh,Brahmanand Kisan Utpadak Producer Company Ltd.,Producer company,U01403UP2013 PTC057595,10-06-2013 00:00,"At & Po : Tolarvat, 43 Near Bank,Tal : Rath, Dist : Hameerapur, Uttar Pradesh",Shri. Ashish Tiwari Group Promoter Ph.No.-8953860170,"Peas, Lentil, Gram",HAMEERAPUR
147,147.0,Uttar Pradesh,Brijvasi Kisan Samriddhi Producer Company Limited,Producer company,U01400UP2014 PTC063064,03-03-2014 00:00,"Vill.: Shri Nagla; Post: Thana Dariyao Ganj, Block & Tehsil: Patiyalee,Etah - 207243,Uttar Pradesh, India",Jungveer Singh Mob-9058969389,"wheat, paddy, mustard",ETAH
148,148.0,Uttar Pradesh,Chandrika Devi Producer Company Limited,Producer company,U01407UP2014 PTC062629,11-02-2014 00:00,"Village: Kapoorpur; Post: Bhagwant Nagar, Unnao - 229502,Uttar Pradesh, India",Rohit Mob-8355063345,"paddy, wheat",UNNAO
149,149.0,Uttar Pradesh,Dharamgadh Baba Kisan Producer Company Limited,Producer company,U01400UP2014 PTC063755,31-03-2014 00:00,"4; Gandhi Nagar; Post & Tehsil- Rasulabad, Rasulabad - 209306,Uttar Pradesh, India",Kuldeep Kumar Mob-9648461842,"wheat, potato, paddy",KANPUR DEHAT
150,150.0,Uttar Pradesh,Dilip Nagar Bhu-Mittra Producer Company Limited,Producer company,U01400UP2014 PTC061934,15-01-2014 00:00,"76, Dileep Nagar, Kanpur Nagar - 209204,Uttar Pradesh, India",Jagdish Pandey Mob-7784833036,"wheat, paddy, mustard",KANPUR NAGAR
151,151.0,Uttar Pradesh,Durvasha Krishak Producer Company Limited,Producer company,U01407UP2014 PTC062920,25-02-2014 00:00,"66, Saron Sarain,Azamgarh - 223221,Uttar Pradesh, India",Housila singh Mob-9450438913,"Paddy, Wheat, Mustard",AZAMGARH
152,152.0,Uttar Pradesh,Farmers Bhu-Mittra Producer Company Ltd.,Producer company,,,"At & Po : Ukhra, Tal : Farrukhabad, Dist : Farrukhabad, Uttar Pradesh",M.No: 9793240860,"Paddy, Garlic, Poatato, Wheat, maize",FARRUKHABAD
153,153.0,Uttar Pradesh,Gabhana Farmers Producer Company Limited,Producer company,U01407UP2014 PTC062386,31-01-2014 00:00,"18 Ogar Nagala Raju Presidency Garden, Gabhana,Aligarh - 202136,Uttar Pradesh, India",Rakesh Kumar Singh Mob-9675072240,"Paddy, Wheat, Mustard, Sorghum",ALIGARH
154,154.0,Uttar Pradesh,Garamid Harit Kranti Producer Company Limited,Producer company,U01407UP2014 PTC062918,25-02-2014 00:00,"49, Chandpur Sikrara,Jaunpur - 222001,Uttar Pradesh, India",Dinanath Singh Mob-8853420078,"paddy, wheat",JAUNPUR
155,155.0,Uttar Pradesh,Ghurwara Kissan Samruddhi Producer Company Limited,Producer company,U01403UP2014 PTC063302,12-03-2014 00:00,"52 Ghurvara An0, Dalmau,Raebareli - 229203,Uttar Pradesh, India",Anand Kumar Mishra Mob-9918350857,"mentha, wheat, paddy, potato",RAE BARELI
156,156.0,Uttar Pradesh,Gram Development Producer Company Ltd,Producer company,U74120UP2013 PTC056924,10-05-2013 00:00,"282, Umarda-1,, Umarda,,Kannauj - 209728,Uttar Pradesh, India",Anoop Kumar Tripathi Mob-9935288581,"paddy,wheat, potato, maize",KANNAUJ
157,157.0,Uttar Pradesh,Gramin Krisak Producer Company Limited,Producer company,U01407UP2014 PTC063372,13-03-2014 00:00,"103, Jaro, Shahganj,Jaunpur - 276123",Vishwanath Yadav Mob-9450342773,"paddy,wheat",JAUNPUR
158,158.0,Uttar Pradesh,Haldhar Kisan Samrudhi Producer Company Ltd.,Producer company,U01403UP2013 PTC059280,02-09-2013 00:00,"Yadgarpur Doulatpur, Post: Ambarpur; Block: Sakeet, Tehsil & Dist.:Etah,Etah - 207001",Charan Singh Mob-8006392058,"Paddy, Garlic, Maize, Wheat",ETAH
159,160.0,Uttar Pradesh,Hariyali Kisan Samrudhi Producer Company Ltd.,Producer company,U01403UP2013 PTC058702,30-07-2013 00:00,"House No. 92, Laksman Patti, Gyanpur,,Sant Ravi Das Nagar - 221304,Uttar Pradesh, India",Ramakant Mishra Mob-8563935482,"Paddy, Wheat, Mustard",SANT RAVIDAS NAGAR
160,161.0,Uttar Pradesh,Hindkisan Agro Producer Company Limited,Producer company,U01409UP2014 PTC063236,11-03-2014 00:00,"Village - Thulariya, Alinagar, Tehsil - Chhibramau,Kannauj - 209728,Uttar Pradesh, India",Shiv Pooran Mob-7897334646,"paddy,wheat",KANNAUJ
161,162.0,Uttar Pradesh,Ishani Agro Producer Company Ltd,Producer company,U01403UP2015 PTC068454,22-01-2015 00:00,"Vill +PO- Imiliya ,Sayadraj , Chandauli, Uttar Pradesh 232110","Mrityunjay Singh & Ajay Singh 8400762570,9198560499 ,mrityunjayjs@gmail.com","Wheat, Paddy, Gram, Lentil, Peas and Tur",CHANDAULI
162,163.0,Uttar Pradesh,Jagriti Kisan Dugdh Avam Anaj Utpadak Producer Company Ltd,Producer company,U01403UP2013 PTC057934,24-06-2013 00:00,"90, Nagalatularam, Vijaygarh Road,Aligarh - 202170,Uttar Pradesh, India",Ramji Lal Upadhyay Mob-9917838187,"Paddy, Wheat, mustard, Milk",ALIGARH
163,164.0,Uttar Pradesh,Jai Kisan Producer Company Ltd.,Producer company,U01403UP2013 PTC057845,20-06-2013 00:00,"425, Kaudha Uttar,Hardoi - 241001,Uttar Pradesh, India",Rajendra Singh Mob-8808779569,"Paddy, Wheat, Mentha, Mustard, Potato",HARDOI
164,165.0,Uttar Pradesh,Jaunpur Kisan Vikas Producer Company Ltd.,Producer company,U01403UP2013 PTC058402,16-07-2013 00:00,"Jaunpur Kisan Vikas Producer Company Ltd, Village : Bhakura Lohta , C/O Jitendra Kumar Singh, House no. 238, Kisunpur, Tal : Sadar Dist :Jaunpur,  UP",Ram singh Mob-9919651672,"Wheat, Paddy, Potato",JAUNPUR
165,166.0,Uttar Pradesh,Kabir Bhu-Mittra Producer Company Limited,Producer company,U01407UP2014 PTC061911,10-01-2014 00:00,"77 Sanraya, Kanpur Dehat - 209101,Uttar Pradesh, India",Rajendra Singh Mob-8726640040,"wheat, paddy, Muastard, Bajra",KANPUR DEHAT
166,167.0,Uttar Pradesh,Kaserooava Kissan Producer Company Limited,Producer company,U01403UP2014 PTC063025,28-02-2014 00:00,"P 18, Kaserooa,Fatehpur - 212601,Uttar Pradesh, India",Ram Vishal Mob-9935677109,"paddy, wheat, pulses",FATEHPUR
167,168.0,Uttar Pradesh,Kashi Vishwanath Farmer Producer Company Ltd,Producer Company,U01403UP2015 PTC069785,26-03-2015 00:00,"41, umarahan Sadar, Varanasi-221007, Uttar Pradesh",Mr. Nitin Srivastava 9918428955 Mr. Vinay Srivastava 9598423900,,VARANASI
168,169.0,Uttar Pradesh,Kisan Raja Utpadak Producer  Company Ltd,Producer company,U01403UP2013 PTC059283,02-09-2013 00:00,"Village Nagla Hira Singh; Gram Panchayat & Post:, Manipur- Jogpur; Block: Nawabganj,Farrukhabad - 209501,Uttar Pradesh, India",,,FARRUKHABAD
169,170.0,Uttar Pradesh,Kisan Samriddhi Producer Company Limited,Producer company,U01400UP2014 PTC063483,20-03-2014 00:00,"8 Asavaranpur, Asavaranpur,Jaunpur - 222142,Uttar Pradesh, India",Naseeb Ali Mob-8858035329,"paddy, wheat",JAUNPUR
170,171.0,Uttar Pradesh,Kohinoor Vikas Producer Company Ltd,Producer company,U01403UP2014 PTC062971,27-02-2014 00:00,"House No.- 357, Mahmudpur, Chhota Sandila, Hardoi- 241204, Uttar Pradesh, India",Brijlal Mob-9956816660,"Paddy, Wheat",HARDOI
171,172.0,Uttar Pradesh,Mahakaal Kishan Producer Company Ltd.,Producer Company,U01403UP2013 PTC059610,17-09-2013 00:00,"At :  Beera, H.NO- 480,  PO : Kamasin, Tal : Baberu, Dist : Banda. Uttar Pradesh",Shri. Kamlesh Kumar Group Promoter Ph No.-9792682136,"Gram, Lentil, Tur",BANDA.
172,173.0,Uttar Pradesh,Maharaja Tej Singh Kishan Producer Company Ltd.,Producer company,U01403UP2013 PTC059282,02-09-2013 00:00,"Village: Dalippur Tehsil; Bhongaon, Mainpuri - 205267,Uttar Pradesh, India",Avdhesh Singh Mob-9997403105,"paddy, wheat, potato, garlic, groundnut",MAINPURI
173,174.0,Uttar Pradesh,Manav Kalyan Krishi Producer Company Limited,Producer company,U01400UP2014 PTC063347,13-03-2014 00:00,"Pure Hitai Idpur, Sultanpur,Sultanpur - 228001,Sultanpur - 228001,",Akhilesh Verma Mob-9005675719,"vagetables, paddy, wheat, mentha",SULTANPUR
174,175.0,Uttar Pradesh,Mandakini Kisan Utpadak Producer Company,Producer company,U01403UP2013 PTC058270,10-07-2013 00:00,"House No. 176, Mdilkapurva , Behind School, Hinautamafi, Tal : Karwi, Dist :  Chitrakoot, Uttar Pradesh.",Shri. Hemant Tiwari Promoter Ph.No-9453898501 Email Id- hemant.tiwari331@gmail .com,,CHITRAKOOT
175,176.0,Uttar Pradesh,Mangal Deep Producer Company Limited,Producer company,U01409UP2014 PTC063190,07-03-2014 00:00,"24, Prithvipur, Maradah,Gazipur - 233226",Balwant Singh Mob-9616407240,"Paddy, Potato, Wheat",GHAZIPUR
176,177.0,Uttar Pradesh,Nav Chetan Kishan Producer Company Limited,Producer company,U01400UP2014 PTC062133,21-01-2014 00:00,"H.N0-400, Gram-Khairabiru-2, Haidergarh,Barabanki - 227131,Uttar Pradesh, India",Raj Kumar Mob-9956353815,"paddy, wheat, mentha, tomato",BARABANKI
177,178.0,Uttar Pradesh,Nav Chetana Producer Company Ltd.,Producer company,U01403UP2013 PTC058691,30-07-2013 00:00,"210 Kh, Malethi,Ghazipur - 233305,Uttar Pradesh, India",Nandlal Rajbhar Mob-9889568722,"Paddy, Potato, Wheat",GHAZIPUR
178,179.0,Uttar Pradesh,Navjyoti Kishan Producer Company Limited,Producer company,U01400UP2014 PTC062208,23-01-2014 00:00,"H. No. 23 Gram Kevali Anshik, Tehsil Kevali,Lucknow 227308,Uttar Pradesh, India",Satya Prakash Tiwari Mob-9415084116,"paddy, wheat, tomato, chilli, Mentha",LUCKNOW
179,180.0,Uttar Pradesh,Navyug Kishan Producer Company Limited,Producer company,U01400UP2014 PTC062105,20-01-2014 00:00,"73, Aant Gadhi Saura, Mawai Khurd, Malihabad,Lucknow - 226104,Uttar Pradesh, India",RamKumar Mob-9935452692,"paddy,wheat, tomato, mentha",LUCKNOW
180,181.0,Uttar Pradesh,Neelkanth Kisan Producer Company,Producer company,U01403UP2013 PTC059479,09-09-2013 00:00,"Sr. No. 107 Muraval, Near-Junior College, Tal : Baberu, Dist : Banda, Uttar Pradesh.",Shri. Ashok Singh President Ph No.-9648528660 Email Id- ashoksinghaliha@gmail.c om,"Lentil, Gram",BANDA
181,182.0,Uttar Pradesh,Padari Farmer Producer Company Ltd.,Producer Company,U70102UP2013 PTC500868270,29-01-2013 00:00,"Near Durga Mata Mander, Konch, Tal : Konsh, Dist : Jalaun, Uttar Pradesh.",Shri. Ramprakash Niranjan President Ph No.-9839388080,"Gram, Lentil, Wheat",JALAUN
182,183.0,Uttar Pradesh,Panchali Kishan Producer Company Limited,Producer company,U01400UP2014 PTC062627,11-02-2014 00:00,"Village: Nagla Ajeet, Harachandrapura, Post: Baisholighat,Etawa - 206126,Uttar Pradesh, India",Arun Kumar Mob-9450663298,"Paddy, Garlic, Potato, Wheat, moong",CHANDRAPUR
183,184.0,Uttar Pradesh,Prabha Samruddhi Producer Company Limited,Producer company,U01407UP2014 PTC063815,01-04-2014 00:00,"88 Malkhanpur, Soraon,Allahabad - 212502,Uttar Pradesh, India",Lalit Maurya Mob-9651123380,"Paddy, Wheat, Potato",ALLAHABAD
184,185.0,Uttar Pradesh,Prabhat India Agro Producer Company Limited,Producer company,U01407UP2014 PTC063211,07-03-2014 00:00,"Prabhat India Agro Producer Company Limited69, Nisai,Mohamdabad - 209602,Uttar Pradesh, India",Mr. Manoj Singh Mob-9554731470,"wheat, paddy, maize, potato",GHAZIPUR
185,186.0,Uttar Pradesh,Prayag Samriddhi Producer Ccompany Ltd.,Producer company,U01403UP2013 PTC058699,30-07-2013 00:00,"Chakmada, Handia,Allahabad - 221503,Uttar Pradesh, India",Narendra Pratap Singh Mob-9559011691,"Paddy, Wheat, Potato",ALLAHABAD
186,187.0,Uttar Pradesh,Prgatishil Krishak Kishan Producer Company Ltd.,Producer company,U01403UP2013 PTC058692,30-07-2013 00:00,"77,, Rampur Thariyanv,Fatehpur - 212601,Uttar Pradesh, India",Chhedilal Mob-9794043303,"Paddy, Garlic, Potato, Wheat",RAMPUR
187,188.0,Uttar Pradesh,Pukhraya Farmer Producer Company Ltd.,Producer Company,U70102UP2013 PTC500869054,29-01-2013 00:00,"At & Po: Pukharaya, Near Pukharaya Railway Station, Tal: Bhognipur, Dist : Kanpur Dehat, Uttar Pradesh.",Shri. Kripal Singh President Ph No.-8795635463,,KANPUR DEHAT
188,189.0,Uttar Pradesh,Raniya Agro Producer Company Ltd.,Producer company,U01403UP2013 PTC057295,29-05-2013 00:00,"197, Sherpur, Taraunda, Akbarpur - 209304,Uttar Pradesh, India",Gore Lal Yadav Mob-9794432886,"Wheat, Paddy, Mustard",AMBEDKAR NAGAR
189,190.0,Uttar Pradesh,Rasoolabad Bhu-Mittra Producer Company Limited,Producer company,U01400UP2014 PTC062854,21-02-2014 00:00,"589, Rasulabad, Tehsil: Rasulabad, Rasulabad - 209306,Uttar Pradesh, India",Mahendra Babu Mob-9721765294,"Wheat, Paddy, Mustard, Potato, Garlic",KANPUR DEHAT
190,191.0,Uttar Pradesh,Sachkhand Producer Company Ltd.,Producer company,U01403UP2013 PTC058918,12-08-2013 00:00,"147, Narauli, Gauriganj,Sultanpur - 227409,Uttar Pradesh, India",Surendra Pratap Singh Mob-9415185607,"Paddy, Wheat, Potato",SULTANPUR
191,192.0,Uttar Pradesh,Sangam Samruddhi Producer Company Limited,Producer company,U01403UP2013 PTC057557,14-02-2014 00:00,"167 Bhelkha Ansik, Bhelkha,Bhelkha - 212403,Uttar Pradesh, India",Mavalal Yadav Mob-8932802070,"Paddy, Wheat, Potato",ALLAHABAD
192,193.0,Uttar Pradesh,Santushti Kisan Producer Company Ltd.,Producer company,U01403UP2013 PTC058582,24-07-2013 00:00,"Madafarpur, Atrasand,Pratapgarh - 230401,Uttar Pradesh, India",Jarnail Singh Yadav Mob-8738931985,"paddy, wheat, mustard",PRATAPGARH
193,194.0,Uttar Pradesh,Satyam Kissan Producer Company Limited,Producer Company,U01407UP2014 PTC063652,25-03-2014 00:00,"59, Kariya,Bhadohi - 221406",Raj Pratap Singh Mob-9651243394,"Paddy, Wheat, Mustard",BHADOHI
194,195.0,Uttar Pradesh,Shankarbholey Kisan Producer Company Ltd.,Producer Company,U01403UP2013 PTC059647,18-09-2013 00:00,"Sr. No. 352 Kishorganj, Behind Municipal Corporation, Kulpahar, Tal : Kulpahar, Dist : Mahoba, Uttar Pradesh.",Shri. Mahendra Singh President Ph No.-7398670634,"Gram, Lentil, Peas",MAHOBA
195,196.0,Uttar Pradesh,Shardha Narayan Producer Company Limited,Producer company,U01407UP2014 PTC063577,24-03-2014 00:00,"5 Mukripur, Baradah,Azamgarh - 276001",Durgesh singh Mob-9450822820,"Paddy, Wheat, Mustard",AZAMGARH
196,197.0,Uttar Pradesh,Shiv Sampan Krishi Vikas Producer Company Limited,Producer company,U01400UP2014 PTC063711,28-03-2014 00:00,"5 Muktipur, Baradah,Azamgarh - 276127,Uttar Pradesh, India",Rajbahadur Singh Mob-9838459473,"Paddy, Wheat, Mustard",AZAMGARH
197,198.0,Uttar Pradesh,Shiva Kishan Producer Company Limited,Producer company,U01400UP2014 PTC062139,21-01-2014 00:00,"H.No-83, Gram- Chhataunee,, Tehsil- Mohanlalganj,Lucknow - 227305,Uttar Pradesh, India",Gyanendra Kumar Mob-9648818850,"paddy,wheat, mango, chilli",LUCKNOW
198,199.0,Uttar Pradesh,Shivli Bhu-Mitra Producer Company Limited,Producer company,U01400UP2014 PTC061966,15-01-2014 00:00,"220 Newada Devaray; Po: Newada Devaray, Tehsil: Rasulabad,Kanpur Dehat - 209204,Uttar Pradesh, India",Kaushal Kishore Singh Mob-7309623951,"Wheat, Paddy, Mustard, Garlic",KANPUR DEHAT
199,200.0,Uttar Pradesh,GramDevelopment Producer Company Ltd.,Producer Company,U74120UP2013 PTC056924,10.Jun.13,"GramDevelopmentProducerCompanyLtd.282, Umarda-1,Umarda,Kannajuj-209728UttarPradesh, India.",Mr. Anoop Kumar President Ph. No.- 9935288581,,KANNAUJ
200,201.0,Uttar Pradesh,AlipurAhanaProducer Company Ltd.,Producer Company,U01407UP2014 PTC062937,25.Feb.14,"AlipurAhanaProducerCompanyLtd.HouseNo.22 Bainapur, Kannauj-209732, Uttar Pradesh, India.",Mr. Naushad President Ph. No.- 9794498981,,KANNAUJ
201,202.0,Uttar Pradesh,AusherKisanProducer Company Ltd.,Producer Company,U01407UP2014 PTC062943,25.Feb.14,"AusherKishanProducerCompanyLtd.298,Ausher, Kannauj-209736, Uttar Pradesh, India.",Mr. Mahendra Pratap President Ph. No.- 9695893579,,KANNAUJ
202,203.0,Uttar Pradesh,HindKisanAgro Producer Company Ltd.,Producer Company,U01409UP2014 PTC063236,11.Mr.14,"HindkisanAgroProducerCompanyLtd.Village- Thulariya,Alinagar,Tehsil-Chhibramau,Kannauj- 209728, Uttar Pradesh, India.",Mr. Shiv Charan President Ph. No.- 7897334646,,KANNAUJ
203,204.0,Uttar Pradesh,HersenKisanAgro Producer Company Ltd.,Producer Company,U01403UP2014 PTC066475,09.Okt.14,"HaseranKisanAgroProducerCompanyLtd.Hussain Nagar,Sakatpur,Tirwa,Kannauj-209728,Uttar Pradesh, India.",Mr. Brijesh Kumar President Ph. No.- 9935598484,,KANNAUJ
204,205.0,Uttar Pradesh,LakhbahosiPakshi Vihar FarmerProducer Company Ltd.,Producer Company,U01403UP2015 PTC072071,17.Jul.15,"LakhbahosiPakshiViharFarmerProducerCompany Ltd.Village-Bahosi,Kannauj-209723,UttarPradesh, India.",Mr. Narendra Kumar President Ph. No.-8127555171,,KANNAUJ
205,206.0,Uttar Pradesh,SakrawaAgriculture& MarketingFarmers Producer Company Ltd.,Producer Company,U01403UP2015 PTC073154,18.Sep.15,"SakrawaAgricultural&MarketingFarmerProducer CompanyLtd.Madaiyan,Sikandarpur,Chhibramau, Kannauj-209747, Uttar Pradesh, India.",Mr. Shiv Saran President Ph. No.- 7068726793,,KANNAUJ
206,207.0,Uttar Pradesh,Chandrika Devi Producer Company Ltd.,Producer Company,U01407UP2014 PTC062629,11.Feb.14,"ChandrikaDeviProducerCompanyLtd.Village- Kapoorpur,Post-BhagwantNagra,Unnao-229502, Uttar Pradesh, India.",Mr. Harishchandra Singh President Ph. No.- 9415748312,,UNNAO
207,208.0,Uttar Pradesh,Auras Producer Company Ltd.,Producer Company,U01403UP2013 PTC059323,02.Sep.13,"Auras Producer Company Ltd. Viiage- Tala Sarai, Post- Sahpur Tonda, Unnao- 209801, Uttar Pradesh, India.",Mr. English Ahmed President Ph. No.-9839716837,,UNNAO
208,209.0,Uttar Pradesh,AnboleBabaJaivik Producer Company Ltd.,Producer Company,U01403UP2014 PTC066486,10.Okt.14,"Anbole Baba Jaivik Producer Company Ltd. 335, Korari Kalan, Unnao-209801, Uttar Pradesh, India.",Mr. Harnath Singh President Ph. No.- 7607623917,,UNNAO
209,210.0,Uttar Pradesh,ShivajiAnnadatajaivik Producer Company Ltd.,Producer Company,U01403UP2014 PTC067254,25.Nov.14,"Shiva Ji Annadata Jaivik Producer Company Ltd. Gram SavaliKheda,Post-Shadeepur,ThanaBangarmau, Tehsil Safipur, Unnao-209801, Uttar Pradesh, India.",Mr. Pravin Kumar President Ph. No.-9415189735,,UNNAO
210,211.0,Uttar Pradesh,MadhaoKisanProducer Company Ltd.,Producer Company,U01403UP2014 PTC067713,19.Dez.14,"Madhao Kisan ProducerCompany Ltd. Subedar Kheda, Tehsil- Hasanganj, Unnao-209859, Uttar Pradesh, India.",Mr. Kamlesh Kumar President Ph. No.- 9532271141,,UNNAO
211,212.0,Uttar Pradesh,AnmolagriMarketing Producer Company Ltd..,Producer Company,U01403UP2015 PTC071907,08.Jul.15,"Anmolagri MarketingProducerCompany Ltd. Village- Brijapalpur,BhaisaraChauraha,Post-Safipur,Thana- Safipur, Unnao-241504, Uttar Pradesh, India.",Mr. Ajeet Singh President Ph. No.- 9454088494,,UNNAO
212,213.0,Uttar Pradesh,PrayagSamridhi Producer Company Ltd.,Producer Company,U01403UP2013 PTC058699,30.Jul.13,"PrayagSamriddhiProducerCompanyLtd.Chakmada, Handia, Allahabad-221503, Uttar Pradesh, India.",Mr. Narendra Pratap Singh  President Ph. No.- 9559011691,,ALLAHABAD
213,214.0,Uttar Pradesh,SangamSamrudhi Producer Company Ltd.,Producer Company,U01407UP2014 PTC062704,14.Feb.14,"SangamSamruddhiProducerCompanyLtd.167 BhelkhaAnsik,Bhelkha,Bhelkha-212403,Uttar Pradesh, India.",Mr. Mawa Lal Yadav President Ph. No.- 9565048485,,ALLAHABAD
214,215.0,Uttar Pradesh,PrabhaSamardhi Producer  Company Ltd.,Producer Company,U01407UP2014 PTC063815,01.Apr.14,"PrabhaSamruddhiProducerCompanyLtd.88 Malkhanpur,Soraon,Allahabad-212502,Uttar Pradesh, India.",Mr. Lalit Mohan President Ph. No.-9415034654,,ALLAHABAD
215,216.0,Uttar Pradesh,TraveniSamardhi Producer Company Ltd.,Producer Company,U01403UP2014 PTC064840,10.Jul.14,"Trivani Samruddhi Producer Company Ltd. 103, Jaitpur Handia, Allahabad-221503, Uttar Pradesh, India.",Mr. Yogendra Pratap President Ph. No.- 8853026180,,ALLAHABAD
216,217.0,Uttar Pradesh,KamalKisanProducer Company Ltd.,Producer Company,U01403UP2015 PTC072598,10.Aug.15,"Kamal Kisan Producer Company Ltd. Tikari Kala, Bara, Allahabad-212107, Uttar Pradesh, India.",Miss Vidya Dubey President Ph. No.-7388128241,,ALLAHABAD
217,218.0,Uttar Pradesh,AnkurKisanProducer Company Ltd.,Producer Company,U01403UP2013 PTC059285,02.Sep.13,"Ankur Kishan Producer Company Ltd. C-129/1 Friends Colony, Etawah-206001, Uttar Pradesh, India.",Mr. Kaushal Kishore Pathak    President Ph. No.- 9450863298,,ETAWAH
218,219.0,Uttar Pradesh,PanchalikisanProducer Company Ltd.,Producer Company,U01400UP2014 PTC062627,11.Feb.14,"Panchali kishan Producer Company Ltd. Village- Nagla Ajeet,Harachandrapura,Post-Baisholighat,Etawah- 206126, Uttar Pradesh, India.",Mr. Arun Kumar President Ph. No.- 8979498529,,ETAWAH
219,220.0,Uttar Pradesh,ModiKisanProducer Company Ltd.,Producer Company,U01403UP2014 PTC065037,22.Jul.14,"ModhiKishanProducerCompanyLtd.H.No.174, Modhi,Bharthana,Etawah-206242,UttarPradesh, India.",Mr. Vishwanath Tiwari President Ph. No.- 9568709859,,ETAWAH
220,221.0,Uttar Pradesh,KisankhayatiProducer Company Ltd.,Producer Company,U01403UP2014 PTC065090,24.Jul.14,"KisankhayatiProducerCompanyLtd.217/3 Tadavakachhiyan,Bharthana,Etawah-206120,Uttar Pradesh, India.",Miss Sandhya Pal President Ph. No.- 9058277274,,ETAWAH
221,222.0,Uttar Pradesh,GyatriJaivikProducer Company Ltd.,Producer Company,U01403UP2015 PTC073292,14.Sep.15,"GyatriJaivikProducerCompanyLtd.AshokMarket, Civil Lines, Etawah-206001, Uttar Pradesh, India.",Mr. Sarad Trivedi President Ph. No.- 9412068022,,ETAWAH
222,223.0,Uttar Pradesh,MaharajaTejSingh Producer Company Ltd.,Producer Company,U01403UP2013 PTC059282,02.Sep.13,"MaharajaTejSinghProducerCompanyLtd.Village- DalippurTehsil-Bhongaon,Mainpuri-205267,Uttar Pradesh, India.",Mr. Avdhesh Singh President Ph. No.- 9997403105,,MAINPURI
223,224.0,Uttar Pradesh,SagarKisanProducer Company Ltd.,Producer Company,U01400UP2014 PTC064370,17.Jun.14,"SagarKisanProducerCompanyLtd.01,Jasrana Firozabad-205122, Uttar Pradesh, India.",Mr. Mukesh Singh President Ph. No.- 8859597377,,FIROZABAD
224,225.0,Uttar Pradesh,SwamiShivanand Producer Company Ltd.,Producer Company,U01400UP2014 PTC063063,03.Mr.14,"SwamiShivanandProducerCompanyLtd.Village- Lahtai, Post- Jahmai, Tehsil-Shikohabad- 283151, Uttar Pradesh, India.",Mr. Vishwanath Singh President Ph. No.- 9411249306,,ANAND
225,226.0,Uttar Pradesh,JasranaKisanProducer Company Ltd.,Producer Company,U01403UP2014 PTC065230,31.Jul.14,"JasaranaKisanProducerCompanyLtd.H.No.18, Nagala Harpal, Jasarana-283130, Uttar Pradesh, India.",Mr. Dinesh Chandra Yadav   President Ph. No.- 8392996200,,SARAN
226,227.0,Uttar Pradesh,KrshiVikasFarmer Producer Company Ltd.,Producer Company,U01403UP2015 PTC072024,15.Jul.15,"KrishiVikasFarmerProducerCompanyLtd.Village- Manauna, Mainpuri-205263, Uttar Pradesh, India.",Mr. Naresh Chandra President Ph. No.- 8445211563,,MAINPURI
227,228.0,Uttar Pradesh,UjjwalKisanProducer Company Ltd.,Producer Company,U01403UP2013 PTC057451,05.Jun.13,"UjjawalKisanProducerCompanyLtd.58,Agasand, Barabanki-225302, Uttar Pradesh, India.",Mr. Rajesh Kumar President Ph. No.- 9451515455,,BARABANKI
228,229.0,Uttar Pradesh,NavyougKisanProducer Company Ltd.,Producer Company,U01400UP2014 PTC062105,20.Jun.14,"NavyougKishanProducerCompanyLtd.73,Aant GadhiSaura,MawaiKhurd,Malihabad,Lucknow- 226104, Uttar Pradesh, India.",Mr. Vasudev Singh President Ph. No.- 9450648295,,LUCKNOW
229,230.0,Uttar Pradesh,NavchetnaKisan Producer Company Ltd.,Producer Company,U01400UP2014 PTC062133,21.Jun.14,"Nav Chetna Kishan Producer Company Ltd. H. No-400, Gram-Khairabiru-2,Haidergarh,Barabanki-227131, Uttar Pradesh, India.",Mr. Rajkumar President Ph. No.- 9956353815,,BARABANKI
230,231.0,Uttar Pradesh,NavjoytiKisanProducer Company Ltd.,Producer Company,U01400UP2014 PTC062208,23.Jun.14,"Navjoyti Kisan Producer Company Ltd. H.No-23, Gram Kevali, Anshik, Tehsil-Kewali, Lucknow-227308, Uttar Pradesh, India.",Mr. Shiv Kumar President Ph. No.- 9793787670,,LUCKNOW
231,232.0,Uttar Pradesh,ShivaKishanProducer Company Ltd.,Producer Company,U01400UP2014 PTC062139,21.Jun.14,"Shiva Kishan Producer Company Ltd. H.No.-83, Gram- Chhataunee,Tehsil-MohanlalGanj, Lucknow-227305, Uttar Pradesh, India.",Mr. Rajesh Babu President Ph. No.- 9005601712,,LUCKNOW
232,233.0,Uttar Pradesh,HaldharKisanSmradhi Producer Company Ltd.,Producer Company,U01403UP2013 PTC059280,02.Sep.13,"HaldharKishanSamriddhiProducerCompanyLtd. YadgarpurDoulatpur,Post-Ambarpur,Block-Sakeet, Tehsil & Dist- Etah-207001, Uttar Pradesh, India.",Mr. Umesh Singh President Ph. No.- 9761803026,,ETAH
233,234.0,Uttar Pradesh,MudgalKisanProducer Company Ltd.,Producer Company,U01400UP2014 PTC064356,17.Jun.14,"MudgalKisanProducerCompanyLtd.357Patiyali, Kasganj, Kasganj-207243, Uttar Pradesh, India.",Mr. Maam Chandra Sharma   President Ph. No.- 9675158402,,KASGANJ
234,235.0,Uttar Pradesh,BrijvasiKisanSamardhi Producer Ltd.,Producer Company,U01400UP2014 PTC063064,03.Mr.14,"BrijvasiKisanSamriddhiProducerLtd.Vill-Shri Nagla,Post-ThanaDariyaoganj,Block&Tehsil- Patiyalee, Etah-207243, Uttar Pradesh, India.",Mr.Jangbeer Singh President Ph. No.- 9058969389,,ETAH
235,236.0,Uttar Pradesh,PatiyaliFarmers Producer Company Ltd.,Producer Company,U01400UP2014 PTC064369,17.Jun.14,"PatiyaliFarmers Producer Company Ltd. 357, Patiyali, Kasganj, Farrukhabad- 207243, Uttar Pradesh, India.",Mr. Chhatrapal Singh President Ph. No.- 9917886634,,KASGANJ
236,237.0,Uttar Pradesh,Arshlan Farmer Producer Company Ltd.,Producer Company,U01403UP2014 PTC067804,24.Dez.14,"ArshlanFarmersProducerCompanyLtd.H.No.-45, Vill-Hasanthok,Post-Bhargain,ThanaDariyabanj, Patiyali-207244, Uttar Pradesh, India.",Mr. Abdul Jaffar Khan President Ph. No.- 9675404317,,KASGANJ
237,238.0,Uttar Pradesh,BalajiBhumiSudhar Producer Company Ltd.,Producer Company,U01403UP2015 PTC072078,17.Jul.15,"BalajiBhumiSudharProducerCompany Ltd.In Front of Govt. Hospital Dadwara, Amanpur, Kasganj-207241, Etah-207241, Uttar Pradesh, India.",Mr. Pushpendra Singh President Ph. No.- 9457355799,,KASGANJ
238,239.0,Uttar Pradesh,FarmersBhumitra Producer Company Ltd.,Producer Company,U01403UP2013 PTC059283,02.Sep.13,"Farmers Bhu-mitra Producer Company Ltd. Vill- Nagla HiraSingh,Gram Panchayat7Post-Mainpur,Jogpur, Block-Nawabganj,Farrukhabad-209501,Uttar Pradesh, India.",Mr. Rajkumar President Ph. No.- 9473706952,,FARRUKHABAD
239,240.0,Uttar Pradesh,A.M.J.IndianAgri FarmersProducer Company Ltd.,Producer Company,U01407UP2014 PTC063177,07.Mr.14,"AMJIndianAgriFarmersProducerCompanyLtd. HouseNo-152,LakharaunaArsani,Mohammadabad, Farrukhabad-209651, Uttar Pradesh, India.",Mr. Ravindra Singh President Ph. No.- 8127069536,,FARRUKHABAD
240,241.0,Uttar Pradesh,PrabhatIndianAgro Producer Company Ltd.,Producer Company,U01407UP2014 PTC063211,07.Mr.14,"PrabhatIndiaAgroProducerCompany Ltd.69,Nisai, Mohamdabad-209602, Uttar Pradesh, India.",Mr. Manoj Kumar President Ph. No.- 9554731470,,GHAZIPUR
241,242.0,Uttar Pradesh,B.P.S.KrishiProducer Company Ltd.,Producer Company,U01400UP2014 PTC063492,20.Mr.14,"B P S Krishi Producer Company Ltd. Bholepur, Nalkup Colony, Farrukhbad-209601, Uttar Pradesh, India.",Mr. Bhupendra Singh President Ph. No.- 9919814325,,FARRUKHABAD
242,243.0,Uttar Pradesh,PragatisheelKrashak Producer Company Ltd.,Producer Company,U01403UP2013 PTC058692,30.Jul.13,"PragatishilKrishakKisanProducerCompanyLtd.77, RampurThariyanva,Fatehpur-212601,UttarPradesh, India.",Mr. Babu Singh President Ph. No.- 9415034654,,RAMPUR
243,244.0,Uttar Pradesh,BindakiAgroKisan Producer Company Ltd.,Producer Company,U01400UP2014 PTC062742,14.Feb.14,"BindkiAgroKissanProducerCompanyLtd.965 KamarapurMajre,Madaranva,Bindki-212631,Uttar Pradesh, India.",Mr. Ram Chandra President Ph. No.- 8853005950,,FATEHPUR
244,245.0,Uttar Pradesh,KasherovaKisan Producer Company Ltd.,Producer Company,U01403UP2014 PTC063025,28.Feb.14,"KaserooavaKissanProducerCompanyLtd.P-18, Kaserooa, Fatehpur-212601, Uttar Pradesh, India.",Mr. Ram Vishal President Ph. No.- 9935677109,,FATEHPUR
245,246.0,Uttar Pradesh,SameriMaiKharaha Producer Company Ltd.,Producer Company,U01403UP2014 PTC065229,31.Jul.14,"SamriMayKhairahaKissanProducerCompanyLtd. 463,SemariMayKairahaAsothar,Fatehpur-212620, Uttar Pradesh, India.",Mr. Shreedhar President Ph. No.- 7524993211,,FATEHPUR
246,247.0,Uttar Pradesh,BahuaKisanSamradhi Producer Company Ltd.,Producer Company,U01403UP2015 PTC071989,10.Jul.15,"BahuaKisanSamruddhiProducerCompanyLtd.BS Road, Bahuwa, Fatehpur-212661, Uttar Pradesh, India.",Mr. Gore Lal Yadav President Ph. No.- 9794432886,,FATEHPUR
247,248.0,Uttar Pradesh,RaniyaAgroKisan Producer Company Ltd.,Producer Company,U01403UP2013 PTC057295,29.Mai.13,"RaniyaAgroKisanProducerCompanyLtd.197, Sherpur,Taraunda,Akbarpur-209304,UttarPradesh, India.",Mr. Rajendra Singh President Ph. No.- 8726640040,,AMBEDKAR NAGAR
248,249.0,Uttar Pradesh,KabeerBhu-mitra Producer Company Ltd.,Producer Company,U01407UP2014 PTC061911,10.Jn.14,"KabirBhu-mittraProducerCompanyLtd.77Sanraya, Kanpur Dehat-209101, Uttar Pradesh, India.",Mr. Kaushal Kishore Singh   President Ph. No.- 7309623951,,KANPUR DEHAT
249,250.0,Uttar Pradesh,ShiwaliBhumitra Producer Company Ltd.,Producer Company,U01400UP2014 PTC061966,15.Jn.14,"Shiwli Bhu-mitra Producer Company Ltd. 220 Newada Devaray,Post-NewadaDevaray,Tehsil-Rasulabad, Kanpur Dehat-209204, Uttar Pradesh, India.",Mr. Bal Krishna President Ph. No.- 9695197802,,KANPUR DEHAT
250,251.0,Uttar Pradesh,RashulabadBhumitra Producer Company Ltd.,Producer Company,U01400UP2014 PTC062854,21.Feb.14,"RasoolabadBhu-mittraProducerCompanyLtd.589, Rasulabad,Tehsil-Rasulabad-209306,UttarPradesh, India.",Mr. Firozi Lal President Ph. No.- 9793991992,,KANPUR DEHAT
251,252.0,Uttar Pradesh,DhramgarhBabaKisan Producer Company Ltd.,Producer Company,U01400UP2014 PTC063755,31.Mr.14,"DharamgarhBabaKisanProducerCompanyLtd.4, Gandhi Nagar, Post & Tehsil- Rasulabad- 209306, Uttar Pradesh, India.",Mr. Kuldeep Kumar President Ph. No.- 9648461842,,KANPUR DEHAT
252,253.0,Uttar Pradesh,VikasKisanProducer Company Ltd.,Producer Company,U01403UP2013 PTC057557,10.Jun.13,"VikasKisanProducerCompanyLtd.30,khadesar, Sarsaul, Kanpur-209214, Uttar Pradesh, India.",Mr. Ashok Kumar President Ph. No.- 7388499291,,KANPUR NAGAR
253,254.0,Uttar Pradesh,DileepNagarBhumitra Producer Company Ltd.,Producer Company,U01400UP2014 PTC061934,15.Jn.14,"DilipNagarBhu-mittraProducerCompanyLtd.76, DileepNagar,KanpurNagar-209204,UttarPradesh, India.",Mr. Harish Kumar President Ph. No.- 9651075674,,KANPUR NAGAR
254,255.0,Uttar Pradesh,UttripuraBhumitra Producer Company Ltd.,Producer Company,U01407UP2014 PTC062391,31.Jn.14,"UttaripuraBhu-mittraProducerCompanyLtd.316, Madaraguman, Post- Uttaripura, Kanpur Nagar-209210, Uttar Pradesh, India.",Mr. Deendayal President Ph. No.- 9794936821,,KANPUR NAGAR
255,256.0,Uttar Pradesh,GuruKripaProducer Company Ltd.,Producer Company,U01403UP2015 PTC071988,10.Jul.15,"GuruKripaProducerCompanyLtd.HouseNo.51, VillageSapai,Post-sapai,Kanpur-209214,Uttar Pradesh, India.",Mr. Shyam Singh President Ph. No.- 9621170349,,KANPUR NAGAR
256,257.0,Uttar Pradesh,JagrtiKisanDugdhand AnajProducerCompany Ltd.,Producer Company,U01403UP2013 PTC057934,24.Jun.13,"Jagriti Kisan Dugdh & Anaj Producer Company Ltd. 90, Nagala tularam, Vijaygarh Road, Aligarh-202170, Uttar Pradesh, India.",Mr.Rajbeer Sherma President Ph. No.- 9410840718,,ALIGARH
257,258.0,Uttar Pradesh,BabaAmaniFarmers Producer Company Ltd.,Producer Company,U01407UP2013 PTC061405,20.Dez.13,"BabaAmaaniFarmerProducerCompanyLtd.72 Anshik,Gursaina,Aligarh-202124,UttarPradesh, India.",Mr. Chandrapal Singh President Ph. No.- 9058924155,,ALIGARH
258,259.0,Uttar Pradesh,GabhanFarmars Producer Company Ltd.,Producer Company,U01407UP2014 PTC062386,31.Jn.14,"GabhanFarmarsProducerCompanyLtd.18Ogar NagalaRajuPresidencyGarden,Gabhana,Aligarh- 202136, Uttar Pradesh, India.",Mr. Kanchan Singh President Ph. No.- 9045442612,,ALIGARH
259,260.0,Uttar Pradesh,AtroiliAgriculture& MarketingProducer Company Ltd.,Producer Company,U01403UP2015 PTC072788,19.Aug.15,"AtrauliAgricultureandMarketingProducerCompany Ltd. 127, Utara, Atrauli, Aligarh-202129, Uttar Pradesh, India.",Mr. Shyavraj Singh President Ph. No.- 9719139024,,ALIGARH
260,261.0,Uttar Pradesh,JaiKisanProducer Company Ltd.,Producer Company,U01403UP2013 PTC057845,20.Jun.13,"JaiKisanProducerCompanyLtd.425,KaudhaUttar, Hardoi-241001, Uttar Pradesh, India.",Mr. Rajendra Singh President Ph. No.- 8808779569,,HARDOI
261,262.0,Uttar Pradesh,Kohinoor Vikas Producer Company Ltd.,Producer Company,U01407UP2014 PTC062971,27.Feb.14,"KohinoorVikasProducerCompanyLtd.H.No-357, MahamudpurChota,Sandila,Hardoi-241204,Uttar Pradesh, India.",Mr. Brijlal President Ph. No.- 9956816660,,HARDOI
262,263.0,Uttar Pradesh,MishrikhAgroProducer Company Ltd.,Producer Company,U01407UP2014 PTC064463,25.Jun.14,"MishrikhAgroProducerCompanyLtd.687A,Manju House,76ThakurStreet,Sitapur-261401,Uttar Pradesh, India.",Mr. Shivpal Singh President Ph. No.- 9005225359,,SITAPUR
263,264.0,Uttar Pradesh,PihaniAgroProducer Company Ltd.,Producer Company,U01403UP2014 PTC067802,24.Dez.14,"PihaniAgroProducerCompanyLtd.H.No-58Vill- Sedha, Post- Sahabad, Thana- manjhila, Hardoi-241125, Uttar Pradesh, India.",Mr. Mahendra President Ph. No.- 7897972770,,HARDOI
264,265.0,Uttar Pradesh,SitapurAgroProducer Company Ltd.,Producer Company,U01403UP2015 PTC072014,15.Jul.15,"SitapurAgroProducerCompanyLtd.HouseNo-64, Ethiliyagrant, Sitapur-261001,  Uttar Pradesh, India.",Mr. Suresh Chandra Verma President Ph. No.- 9695334389,,SITAPUR
265,266.0,Uttar Pradesh,SandilaAgroProducer Company Ltd.,Producer Company,U01403UP2015 PTC073215,10.Sep.15,"SandilaAgroProducerCompanyLtd.H.No-33,Vill- Hemankheda,Post-Hathaura,hardoi-241126,Uttar Pradesh, India.",Mr. Avdhesh Singh President Ph. No.- 9453778018,,HARDOI
266,267.0,Uttar Pradesh,JaunpurKisanVikas Producer Company Ltd.,Producer Company,U01403UP2013 PTC058402,16.Jul.13,"JaunpurKisanVikasProducerCompanyLtd.H.No- 238,Bhakura,JaunpurSadar,Jaunpur-222002,Uttar Pradesh, India.",Mr. Ram Singh President Ph. No.- 9919651672,,JAUNPUR
267,268.0,Uttar Pradesh,GraminHaritKranti Producer Company Ltd.,Producer Company,U01407UP2014 PTC062918,25.Feb.14,"GramindHaritKrantiProducerCompanyLtd.49, ChandpurSikrara,Jaunpur-222001,UttarPradesh, India.",Mr. Deenanath President Ph. No.- 8853420078,,JAUNPUR
268,269.0,Uttar Pradesh,GraminKrsakProducer Company Ltd.,Producer Company,U01407UP2014 PTC063372,13.Mr.14,"GraminKrisakProducerCompanyLtd.103,Jaro, Shahganj, Jaunpur-276123, Uttar Pradesh, India.",Mr. Vishwanath Yadav President Ph. No.- 9450342773,,JAUNPUR
269,270.0,Uttar Pradesh,Kisan Samradhi Producer Company Ltd.,Producer Company,U01400UP2014 PTC063483,20.Mr.14,"KisanSamriddhiProducerCompanyLtd.8 Asavaranpur, Jaunpur-222141, Uttar Pradesh, India.",Mr. Shailendra Kumar Singh President Ph. No.- 9838978259,,JAUNPUR
270,271.0,Uttar Pradesh,JansewaKisanProducer Company Ltd.,Producer Company,U01403UP2014 PTC064548,26.Jun.14,"Janseva Kissan Producer Company Ltd. 86 A, Bagthari Kerakat, Jaunpur-222170, Uttar Pradesh, India.",Mr. Chhote Lal Yadav President Ph. No.- 9919907360,,JAUNPUR
271,272.0,Uttar Pradesh,NavchetnaProducer Company Ltd.,Producer Company,U01403UP2013 PTC058691,30.Jul.13,"NavchetnaProducerCompanyLimited210 Kh,Malethi,Ghazipur-233305,Uttar Pradesh,India",Mr. Arun Singh President Ph. No.- 8423673545,,GHAZIPUR
272,273.0,Uttar Pradesh,MangaldeepProducer Company Ltd.,Producer Company,U01409UP2014 PTC063190,07.Mr.14,"MangaldeepProducerCompanyLimited.24,Prithvipur, Maradah, Ghazipur-233226, Uttar Pradesh,India",Mr. Balwant Singh President Ph. No.- 9616407240,,GHAZIPUR
273,274.0,Uttar Pradesh,HanumantProducer Company Ltd.,Producer Company,U01400UP2014 PTC063047,03.Mr.14,"HanumantProducerCompanyLimitedGramPost, Daudahi, Ghazipur-233226,Uttar Pradesh,India",Mr. Vijay Yadav President Ph. No.- 8896950562,,GHAZIPUR
274,275.0,Uttar Pradesh,SriShaktiProducer Company Ltd.,Producer Company,U01403UP2014 PTC065280,04.Aug.14,"Sri Shakti Kissan Producer Company Limited 11, Turna Saidpur, Ghazipur -233304 Uttar Pradesh,India",Mr. Ravindra Pratap Singh  President Ph. No.- 9936032313,,GHAZIPUR
275,276.0,Uttar Pradesh,SuyogyaKisanProducer Company Ltd.,Producer Company,U01403UP2014 PTC065360,08.Aug.14,"Suyogya Kisan Producer Company Limited 63, Mnagari Saidpur, Ghazipur-233304,Uttar Pradesh,India",Mr. Rajesh Yadav President Ph. No.- 9648516365,,GHAZIPUR
276,277.0,Uttar Pradesh,ShivAshramKrishak Producer Company Ltd.,Producer Company,U01403UP2015 PTC072661,13.Aug.15,"ShivAshramKrishakProducerCompanyLimited VillageMoudha,PostMoudhaDistGhazipur- 233221,Uttar Pradesh,India",Mr. Ravi Goswami President Ph. No.- 9838334240,,GHAZIPUR
277,278.0,Uttar Pradesh,HariyaliKisanSamradhi Producer Company Ltd.,Producer Company,U01403UP2013 PTC058702,30.Jul.13,"HariyaliKisanSamradhiProducerCompanyLimited House No. 92, Laksman Patti, Gyanpur,, Snat Ravi Das Nagar-221304,Uttar Pradesh,India",Mr. Swatantra Kumar Singh    President Ph. No.- 9839502734,,SANT RAVIDAS NAGAR
278,279.0,Uttar Pradesh,SatyamKisanProducer Company Ltd.,Producer Company,U01407UP2014 PTC063652,25.Mr.14,"Satyam Kissan Producer Company Limited 59, Kariya, Bhadohi -221406,Uttar Pradesh,India",Mr. Raj Prashad Singh President Ph. No.- 9651243394,,BHADOHI
279,280.0,Uttar Pradesh,GuruSidhrathpuri Producer Company Ltd.,Producer Company,U01403UP2014 PTC066717,27.Okt.14,"GuruSiddhrathPuriProducerCompanyLimited DudavaDharmpur,Bhadohi,Bhadohi-221401,Uttar Pradesh,India",Mr. Vikashpuri President Ph. No.- 9450325291,,BHADOHI
280,281.0,Uttar Pradesh,SachkhandKrishi Producer Company Ltd.,Producer Company,U01403UP2013 PTC058918,12.Aug.13,"SachkhandKrishiProducerCompanyLimited147, Narauli,Gauriganj,Sultanpur-227409,Uttar Pradesh,India",Mr. Mohd. Taki President Ph. No.- 9565018828,,SULTANPUR
281,282.0,Uttar Pradesh,ManavKalyanKrishi Producer Company Ltd.,Producer Company,U01400UP2014 PTC063347,13.Mr.14,"Manav Kalyan Krishi Producer Company Limited Pure Hitiaiidpur,Sultanpur,Sultanpur-228001,Uttar Pradesh,India",Mr. Akhilesh Verma President Ph. No.- 9005675719,,SULTANPUR
282,283.0,Uttar Pradesh,PidiAgroKrishi Producer Company Ltd.,Producer Company,U01403UP2015 PTC072629,11.Aug.15,"PidiAgroKrishiProducerCompanyLimitedVillage MehaiyaPostBhikhupur,TeshilJaisinghpurDistt Sultanpur, Sultanpur -228142,Uttar Pradesh,India",Mr. Maya Ram President Ph. No.- 9721456921,,SULTANPUR
283,284.0,Uttar Pradesh,AmbedkarNagarAgro KrishiProducer Company Ltd.,Producer Company,U01403UP2015 PTC072770,18.Aug.15,"AmbedkarNagarAgroKrishiVikasProducer Company Limited Gram Ahirauli PostAshapur, Teshil JalalpurDisttAmbedkarNagar,AmbedkarNagar- 224125, Uttar Pradesh,India",Mr. Suraj Gupta President Ph. No.- 9984290607,,AMBEDKAR NAGAR
284,285.0,Uttar Pradesh,SantustiKisanProducer Company Ltd.,Producer Company,U01403UP2013 PTC058582,24.Jul.13,"Santusti Kisan Producer Company Limited Madafarpur , Atrasand, Pratapgadh-230401,Uttar Pradesh,India",Miss. Gernail Singh President Ph. No.- 8738931985,,PRATAPGARH
285,286.0,Uttar Pradesh,AwadhKisanProducer Company Ltd.,Producer Company,U01407UP2014 PTC062929,25.Feb.14,"Awadh Kissan Producer Company Limited Ward No 5, SodhaipurDehatPostPratapgarh,Pratapgarh- 230135,Uttar Pradesh,India",Mr. Suryaprakash Verma President Ph. No.- 8808623162,,PRATAPGARH
286,287.0,Uttar Pradesh,VishwnathKisan Producer Company Ltd.,Producer Company,U01403UP2014 PTC065362,08.Aug.14,"VishwnathKisanProducerCompanyLimitedVill- Rampur Mustarka, Post- Bhagwatganj Mandhata Road, Pratapgarh-230404 Uttar Pradesh,India",Mr. Satish Kumar President Ph. No.- 9628133640,,RAMPUR
287,288.0,Uttar Pradesh,JaiMaaKaliKisan Producer Company Ltd.,Producer Company,U01403UP2015 PTC073194,09.Sep.15,"JaiMaaKaliProducerCompanyLimitedDheeraj Pratap,KaramainDhakawaPur,Pratapgarh- 230143,Uttar Pradesh,India",Mr. Dhiraj Pratap singh President Ph. No.- 9651411628,,PRATAPGARH
288,289.0,Uttar Pradesh,KamaPattiProducer Company Ltd.,Producer Company,U01403UP2015 PTC073365,16.Sep.15,"KamapattiKisan Producer Company Limited Village & PostKamapattiThanaSangramgargh,TehsilLalganj Distt.Pratapgargh,Pratapgargh-230141,Uttar Pradesh,India",Mr. Devendra Kumar Pandey     President Ph. No.- 9415151801,,PRATAPGARH
289,290.0,Uttar Pradesh,Azamgarh Agro Producer Company Ltd.,Producer Company,U01403UP2013 PTC058754,31.Jul.13,"Azamgarh Agro Producer Company Limited 47, Basgit, AzamgarhSadar,Azamgargh-276001,Uttar Pradesh,India",Mr. Pramod Yadav President Ph. No.- 7379712831,,AZAMGARH
290,291.0,Uttar Pradesh,DurvashaKrishak Producer Company Ltd.,Producer Company,U01407UP2014 PTC062920,25.Feb.14,"Durvasha Krishak Producer Company Limited 66,Saron Sarain, Azamgarh-223221,Uttar Pradesh,India",Mr. Sarvesh Shrivastava President Ph. No.- 9415897250,,AZAMGARH
291,292.0,Uttar Pradesh,ShardaNaryanProducer Company Ltd.,Producer Company,U01407UP2014 PTC063577,24.Mr.14,"Sharda Naryan Producer Company Limited 5 Mukripur, Baradah, Azamgarh-276001,Uttar Pradesh,India",Mr. Durgesh Singh President Ph. No.- 9793559354,,AZAMGARH
292,293.0,Uttar Pradesh,ShivSampannKrishi Vikas Producer Company Ltd.,Producer Company,U01400UP2014 PTC063711,28.Mr.14,"Shiv Sampan KrishiVikas ProducerCompany Limited 5Muktipur,Baradah,Azamgarh-276127,Uttar Pradesh,India",Mr. Jaswant Singh President Ph. No.- 8874391949,,AZAMGARH
293,294.0,Uttar Pradesh,SwamiRamkrishna Producer Company Ltd.,Producer Company,U02005UP2014 PTC067296,01.Dez.14,"SwamiRamKrishnaProducerCompanyLimited73 Chautahara,Lalgang,Azamgarh-276202,Uttar Pradesh,India",Mr. Jagdeep Singh President Ph. No.- 7052601087,,AZAMGARH
294,295.0,Uttar Pradesh,MahtmaGovindSaheb KrshakProducer Company Ltd.,Producer Company,U01403UP2015 PTC072365,31.Jul.15,"MahtmaGovindSahebKrishakProducerCompany LimitedVillageLoharaPostLohara,Distt Azamgarh,Azamgarh -223223, Uttar Pradesh,India",Mr. Mahendra Upadhaya President Ph. No.- 9005822954,,AZAMGARH
295,296.0,Uttar Pradesh,AhorvaBhawani Producer Company Ltd.,Producer Company,U01403UP2013 PTC058593,24.Jul.13,"Ahorva Bhawani Producer Company Limited H.No. 624 K,VillageSemrauta,Tiloi,Raebareli-229309,Uttar Pradesh,India",Mr. Girish Chandra Bajpayee    President Ph. No.- 9415034654,,RAE BARELI
296,297.0,Uttar Pradesh,BaiswaraKrashak Samradhi Kisan Producer Company Ltd.,Producer Company,U01407UP2014 PTC062890,24.Feb.14,"Vaisvara Krashak Samradhi Producer Company Limited 1701,VillagePaho,Raibareli-222905,Uttar Pradesh,India",Mr. Suresh Kumar President Ph. No.- 9918755500,,RAE BARELI
297,298.0,Uttar Pradesh,BachhrawanKrask SamradhiProducer Company Ltd.,Producer Company,U01407UP2014 PTC063334,12.Mr.14,"BachhrawanKrisakSumriddhiProducerCompany Limited161Tilenda,Bacharawan,RaeBareli- 229306,Uttar Pradesh,India",Mr. Nitesh Kumar President Ph. No.- 8005181557,,RAE BARELI
298,299.0,Uttar Pradesh,Ghurwara Kisan Smradhi Producer Company Ltd.,Producer Company,U01403UP2014 PTC063302,12.Mr.14,"GhurwaraKissanSamruddhiProducerCompany Limited52GhuvaraAno,Dalmau,Raebareli-229203, Uttar Pradesh,India",Mr. Bhanu Singh President Ph. No.- 9454704192,,RAE BARELI
299,300.0,Uttar Pradesh,MahatmaneSpices Producer Company Ltd.,Producer Company,UO1403UP2016 PTC076188,01.Feb.16,"MahatmaneSpicesProducerCompanyLtd.,Halor Kotwa, Raebareli-229309,Uttar Pradesh,India",Mr. Alok Kumar President Ph. No.- 9452030712,,RAE BARELI
300,301.0,Uttarakhand,Vishwanath  Ajeevika Swayat Sehkarita,Cooperative Society,,,"At & Po : Matli, Tal : Dunda, Dist : Uttarkashi, Uttarakhand",M.No: 9719690985 Email Id- satishbahuguna@yahoo.i n,,UTTARKASHI
301,302.0,Uttarakhand,Arti Swam Shayta Smooth,Cooperative Society,,,"At & Po : Suniar, Tal : Pratapnagar, Dist : Tehri, Uttarakhand",M.No: 9690680284,,TEHRI
302,303.0,Uttarakhand,Ghati Shangh Barsali,Cooperative Society,,,"At : Nakudi, Tal : Dunda, Dist : Uttarkashi, Uttarakhand",M.No: 8979513773,"Garlic, Turmiric, Ginger",UTTARKASHI
303,304.0,Uttarakhand,Jai Mata Di Swam Shayta Smooth,Cooperative Society,,,"At : Saing, Tal : Ghansali, Dist : Tehri , Uttarakhand",M.No: 8126175270,,TEHRI
304,305.0,Uttarakhand,Maa Bhagwati Swam Shayta Smooth,Cooperative Society,,,"At : Sajapor,Tal : Ghansali, Dist : Tehri, Uttarakhand",M.No: 8126298891,,TEHRI
305,306.0,Uttarakhand,Maa Rajrajeshwari Swam Shayta Smooth,Cooperative Society,,,"At : Kotchuadi, Tal : Prtapnagar, Dist : Tehri, Uttarakhand",M.No: 7409625347,,TEHRI
306,307.0,Uttarakhand,Pargati Swam Shayta Smooth,Cooperative Society,,,"At : Tonkhand, Tal : Devprayag, Dist : Tehri. Uttarakhand",M.No: 7500759881,,TEHRI.
307,308.0,Uttarakhand,Shiv Bhadrakali Ajeevika Swayat Sehkarita,Cooperative Society,,,"At : Kantari, Tal : Puraula, Dist : Uttarkashi, Uttarakhand",M.No: 9760329209,"Peas, Potato, Tomato",UTTARKASHI
308,309.0,Uttarakhand,Shiv Shambhu Swam Shayta Smooth,Cooperative Society,,,"At : Bonyada, Tal : Pratapnagar, Dist : Tehri, Uttarakhand",M.No: 9758202901,,TEHRI
309,310.0,Uttarakhand,Nag Tibba Swayatt Sehakarita,Cooperative Society,,,"Nag Tibba Swayatt Sehakarita, Village : Durga Pul, Thatyud Johnpur, District - Tehri",M.No: 8859047928,"Potato, Peas, Faras Bean",DURG
310,311.0,Uttarakhand,Sangam Swayat Sehkarita,Cooperative Society,66,,"At Bhatkot, P.O. : Devprayag, Tal : Devprayag, Dist : Tehri, Uttarakhand.",M.No: 9756365440,"Wheat, Peas, Lentil",TEHRI
311,312.0,Uttarakhand,Ghati Sangh Chandanganga,Cooperative Society,,,"At/ Po : Chandan Ganga, Block : Batwadi, Tal : Jakholi, Dist : Rudraprayag, Uttarakhand.",M.No: 9720403077,"Potato, Onion, Garlic",RUDRAPRAYAG
312,313.0,Uttarakhand,Gori Swam Shayta Smooth,Cooperative Society,,,"Near Jounir High Shool, Banali, Block : Pratapnagar, Tal : Pratapnagar, District : Tehri, Uttarakhand.",M.No: 9634415149,,TEHRI
313,314.0,Uttarakhand,Shiv Shakti Sahayukta Sahakarita,Cooperative Society,,,"Shiv Shakti Sahayukta Sahakarita, Village - Durgadhaar, Chopta, District- Rudraprayag",M.No: 9627403051,"Paddy,  Wheat, Madava",RUDRAPRAYAG
314,315.0,Uttarakhand,Jatleshwar Swam Shayta Smooth,Cooperative Society,,,"Jatleshwar Swam Shayta Smooth, Village - Jakhand , Block - Kirtinagar, District- Tehri",M.No: 9837378327,,TEHRI
315,316.0,Uttarakhand,Naari Ekta Sahayukta Sahakarita,Cooperative Society,28,,"At/ Po : Jamradi, Tal & Dist : Almora, Uttarakhand.",M.No: 7579168458,"Wheat, Soyabean, Paddy",ALMORA
316,317.0,Uttarakhand,Banal Patti Sahayukta Sahakarita,Cooperative Society,SRA/UK/10,,"At : Gadoli, Po : Kalsar, Tal : Badkot, Dist : Uttarkashi, Uttarkhand.",M.No: 9410198201 Email Id- banali77yash@gmail.com,,UTTARKASHI
317,318.0,Uttarakhand,Yamuna Valley Ajeevika Swayat Shekarita,Cooperative Society,,,"Yamuna Valley Ajeevika Swayat Shekarita, Village and PO- Naugaon, Near Priyanka ladge, District - Uttarkashi",M.No: 9639233387,"Peas, Tomato, Apple",UTTARKASHI
318,319.0,Uttarakhand,Badriesh Swam Shayta Smooth,Cooperative Society,,,"At Khand, Block : Jakhanidhar, District : Tehri, Uttarkhand",M.No: 9675303595,,TEHRI
319,320.0,Uttarakhand,Vikash Swayatt Sahakrita,Cooperative Society,,,"Vikash Swayatt Sahakrita, Village - Motna Post  - Okhalakhal, Patti -Reka, District- Tehri",M.No: 9761139997,,TEHRI
320,321.0,Uttarakhand,Chandrabani Swayat Sehkarita,Cooperative Society,,,"Chandrabani Swayat Sehkarita, Jamunikhal, Devprayag, Tehri Garhwal",M.No: 9997381730,"Soyabean, Ramdana, Potato",TEHRI GARHWAL
321,322.0,Uttarakhand,Sampati Swam Shayta Smooth,Cooperative Society,,,"At Ghemali, P.O. Rolakot, Tal : Pratapnagar, Dist : Tehri, Uttarakhand.",M.No: 9758663767,"Paddy,  Potato, Wheat",TEHRI
322,323.0,Uttarakhand,Devrana Ghati Kisan Sangh,Cooperative Society,,,"At/Po : Dhaari Kalogi, Near Inter College, Tal : Badkot, District- Uttarkshi, Uttarakhand.",M.No: 8057935753 Email Id- jayendar.rana11@gmail.c om,"Tomato, Beans, Apple",UTTARKSHI
323,324.0,Uttarakhand,Bhuwaneshwari Swam Shayta Smooth,Cooperative Society,,,"Village & Gram: Odadhar, Block Bhilangana, Taluka: Ghansali, District: Tehri, Uttarakhand.",M.No: 9410781458,"Paddy, Wheat, Rajma",DHAR
324,325.0,Uttarakhand,Nagraja Aajeevika Swayt Sahakarita,Cooperative Society,,,"At : Geunla, Po : Brahmkhal, Tal : Dunda , District  Uttarkashi, Uttarkhand.",M.No: 9897812735,"Wheat, Mandwa, Black Gram",UTTARKASHI
325,326.0,Uttarakhand,Mahadev Swam Shayta Smooth,Cooperative Society,,,"At : Kumargaon,  Po : Badwali,  Block : Jakhanidhar, District- Tehri, Uttarakhand.",M.No: 9760274868,"Paddy, Wheat",TEHRI
326,327.0,Uttarakhand,Bal Ganga Swayatt Sehakarita,Cooperative Society,,,"Near Nyay Panchayat Samiti, At : Chatiyara , Post : Kapars Patti Basar, Tal : Ghansali , District- Tehri, Uttarakhand.",M.No: 9690045419,"Paddy, Cow Pea, Tur",TEHRI
327,328.0,Uttarakhand,Ghati Shangh Mansuna,Cooperative Society,,,"At/ Po : Mansuna, Block : Ukhimath, Tal : Ukhimath, Dist : Rudraprayag, Uttarakhand.",M.No: 9675732759,"Wheat, Mandwa, Paddy",RUDRAPRAYAG
328,329.0,Uttarakhand,Shakti Sahayukta Sahakarita,Cooperative Society,,,"Shakti Sahayukta Sahakarita, Village - Khaltan, PO- Matai, District - Chamoli",M.No: 9761409772,,CHAMOLI
329,330.0,Uttarakhand,Agastya Krishi Sahayukta Sahakarita,Cooperative Society,38,,"At. Po. Agatsyamuni,Tal & Dist : Rudraprayag, Uttarakhand.",M.No: 9759254861,"Wheat, Paddy, Soyabean",RUDRAPRAYAG
330,331.0,Uttarakhand,Sherawali Swam Shayta Smooth,Cooperative Society,,,"At/ Po : Saransh, Block : Jakhanidhar, Tal : Ghansali , Dist :  Tehri, Uttarakhand.",M.No: 9761340405,"Mustard, Wheat, Paddy",TEHRI
331,332.0,Uttarakhand,Nursingh Swam Shayta Smooth,Cooperative Society,,,"At/Po : Rumdhar, Block : Devprayag, Tal : Devprayag, District- Tehri, Uttarakhand.",M.No: 9837663159,"Wheat, Paddy, Onion",TEHRI
332,333.0,Uttarakhand,Durga Shg Ghati Sangh,Cooperative Society,,,"Kadprayag Road, Near AdiBadri Market, Tal: Gairasin, District: Chamoli, Uttarakhand.",M.No: 8449580040,,CHAMOLI
333,334.0,Uttarakhand,Roopkund Federation,Cooperative Society,70,,"Roopkund Federation Roop, At :Icholi, Near Public School,  Post-Dewal, Tal : Tharali, District- Chamoli, Uttarakhand.",M.No: 8126131637,"Paddy, Potato, Soyabean",CHAMOLI
334,335.0,Uttarakhand,Maa Bhagwati Chilta Sahayukta Sahakarita,Cooperative Society,,,"Maa Bhagwati Chilta Sahayukta Sahakarita, Village Post-Karni, District - Bageshwar",M.No: 9927434410,"Madava, Ramdana, Faber",BAGESHWAR
335,336.0,Uttarakhand,Baukhnaag Ajeevika Swayat Sehkarita,Cooperative Society,,,"At : Geunla , Near State Bank of India, Post : Brahmkhal, Tal : Dunda, Dist : Uttarkashi, Uttarakhand.",M.No: 9634876474,"Peas, Tomato, Paddy",UTTARKASHI
336,337.0,Uttarakhand,Bharadi Devta Swam Shayta Smooth,Cooperative Society,,,"Bharadi Devta Swam Shayta Smooth, Village - Chundana, Block - Jakhanidhar, District- Tehri",M.No: 8475897646,,DHAR
337,338.0,Uttarakhand,Laxmi Swam Shayta Smooth,Cooperative Society,,,"At/Po : Bhengi, Block : Pratapnagar, Tal : Pratapnagar, Dist. : Tehri, Uttarakhand.",M.No: 9627129559,,TEHRI
338,,,,,,,,,,
339,,,,,,,,,,
